ticker,market_cap,total_revenue,ebitda,net_income,roa,roe,debt_to_equity,free_cashflow,trailing_pe,price_to_book,currency,sector,industry,country,price,avg_daily_volume,price_volatility,avg_daily_volume_30d,price_momentum_1m,price_momentum_3m,price_momentum_6m,r_d_intensity,net_margin,operating_margin,company_name,beta,free_float_pct,bid_ask_spread,employees,revenue_per_employee,market_share,scope1_emissions,scope2_emissions,scope3_emissions,emissions_intensity,renewable_energy_pct,energy_efficiency,water_usage_intensity,waste_recycling_pct,carbon_reduction_target,environmental_fines,employee_turnover,gender_diversity_pct,women_management_pct,pay_gap_ratio,injury_rate,safety_training_hours,employee_satisfaction,community_investment_pct,supply_chain_audit_pct,human_rights_policy,board_independence_pct,board_diversity_pct,board_size,exec_comp_esg_linked,ceo_pay_ratio,shareholder_rights_score,ethics_compliance_score,anti_corruption_policy,data_privacy_score,tax_transparency_score,esg_controversy_score,esg_risk_rating,environmental_fines_log,avg_daily_volume_log,avg_daily_volume_30d_log,scope1_emissions_log,scope2_emissions_log,net_income_log,ebitda_log,employees_log,total_revenue_log,scope3_emissions_log,board_size_rank
AAPL,3968587005952.0,435617005568.0,152901992448.0,117776998400.0,0.24377,1.5202099,102.63,106312753152.0,34.135273,45.016674,USD,Technology,Consumer Electronics,US,270.010009765625,53615949.800796814,20.895073653359425,49629750.0,-0.6804883710801235,-0.4157070497765702,33.698225904929615,2.4992137269307166,27.036822918891986,35.10009721696504,AAPL,1.3141953119864345,46.39837544998832,0.0263989218391754,2178085.02784,200000.0,0.9973396644226163,213.78009887586185,23.754484069105267,826.4511866618396,0.0511743086980311,41.7392501410794,89.9616391249933,3.9759775899772567,38.47226818484294,0.0,28.607855061537283,5.65628247804717,62.01108021395407,31.41497770983279,0.8487395138767677,0.0841674351918658,8.417617670595428,73.7636772180903,1.4057124277668145,82.66095523992692,1.0,83.28989248985305,33.53297948893769,10.0,39.70559547864823,41.02179772287164,50.81090903769304,70.71152483760984,1.0,63.271033504264174,74.26178828384131,77.50810137779465,48.28109361817516,3.3880396998252262,17.797357171337143,17.7201010304243,5.369614708788759,3.209006647113884,25.49205882934441,25.75306298085604,14.593957080244124,26.8000292666578,6.718350116583013,65.83333333333333
MSFT,3143788658688.0,305453006848.0,175258992640.0,119262003200.0,0.1486,0.34390998,31.539,53640626176.0,26.526941,8.046564,USD,Technology,Software - Infrastructure,US,423.3699951171875,23155561.752988048,35.58192913045785,30412686.666666668,-12.458128408317904,-19.32395591512406,-18.93692933547273,2.7840616426577767,39.04430486073013,57.37674493648467,MSFT,1.350876997728332,59.44079747668307,0.001734420059371418,1527265.03424,200000.0,8.105758620120083,95.11627495412942,34.56967230832371,466.9238750789613,0.007329516624205,29.22062522628968,83.31290896776844,1.5183870921697025,37.751698556093686,1.0,16.33352394663396,3.965103894578792,56.75399725343201,46.85485568772896,0.8220763783741791,0.3932288248766377,7.989587287047057,83.41841297083495,0.868433699763846,34.638213830953724,1.0,74.04841506771545,29.519429047634773,10.0,69.7242266360102,9.093600641145066,61.804427244766735,73.99651365087641,1.0,61.35829215060561,63.13716518610206,72.51832090192595,77.16596071342954,2.852642426774042,16.957745601336836,17.23037043676319,4.565558655998804,3.571493373332145,25.504588617422993,25.88953067476004,14.238989789222657,26.445061779991118,6.148305622599371,65.83333333333333
GOOGL,4162815262720.0,385476001792.0,145174003712.0,124250996736.0,0.16275999,0.3545,11.424,47997751296.0,33.894478,10.729248,USD,Communication Services,Internet Content & Information,US,343.69000244140625,36724015.53784861,16.706459009181778,29106890.0,9.80511260108825,22.1808974833545,69.76282925910665,3.9304651728164814,32.23313414022721,37.66097060183135,GOOGL,0.9311827767795916,96.40120866167568,0.144542199633491,1927380.00896,200000.0,5.301832153057344,1390.8566668650292,30.58717448575333,3929.3448657242266,0.0133032113976762,40.62514890781869,85.64256509726675,1.0789501694024588,52.61954771348851,1.0,6.9219261359475786,15.131726483721584,54.90263618919322,39.38038643897743,0.872288927126323,2.166132569396613,9.644102113777862,83.97058347478426,0.6953163121716821,63.98802464213661,0.0,71.11459618404838,23.09305062349776,5.0,56.227765228522216,19.68328699031479,77.80675398771733,81.58413836213299,1.0,74.21088355517148,95.0,40.9234449283322,78.33611812369705,2.069634375241536,17.418941500573712,17.186485508231762,7.238393866386515,3.4527511675010505,25.54556952391914,25.70119888551867,14.471672649159954,26.677744775853814,8.276482453105995,8.333333333333332
AMZN,2597294964736.0,691330023424.0,139696996352.0,76482002944.0,0.07495,0.24327,43.405,26080000000.0,34.36492,7.0246043,USD,Consumer Cyclical,Internet Retail,US,242.9600067138672,45166440.239043824,24.96577729106225,39010920.0,5.259509143241692,9.019117853570544,13.136208015770512,0.0,11.063023498560366,20.206991106810698,AMZN,0.9869569150558412,51.4667714640844,0.0977483083988966,3456650.11712,200000.0,8.570960609758247,839.0484164687513,10.0,4925.734559159981,0.0202210816287873,42.182701718023,77.2425443190734,5.883550781239426,30.885037081862077,0.0,58.5363502326932,1.079655677826823,42.26014966004557,38.386703462461526,0.986070185190877,3.868741164110655,12.266341888678772,74.05121271528387,0.5984138180306202,42.995947674134094,1.0,64.02280027175,43.57266375643137,14.0,27.37930790403252,6.6716319864854245,54.34609952101853,75.6503526720866,0.0,71.56543141094652,60.858977216987554,65.26931940960196,80.84200679797374,4.0865870542914315,17.625864918585986,17.479352190535085,6.7334595288295915,2.3978952727983707,25.060321294481042,25.662741602283837,15.05581079310511,27.26188314933934,8.502431686353471,95.0
META,1786903265280.0,200965996544.0,101891997696.0,60458000384.0,0.16212,0.30238,39.164,23432374272.0,30.034437,8.226792,USD,Communication Services,Internet Content & Information,US,706.4099731445312,15676579.6812749,41.17973909091541,17058823.333333332,7.017216501470425,6.079209968043764,-5.672823401782045,14.097240531363038,30.08369645795436,50.701113346650914,META,0.5406677492332834,79.07022771675737,0.1436756945909421,1004829.98272,200000.0,2.811961728254741,776.8886688005788,45.83842647441247,3129.284982405753,0.0134146571560797,34.78686771498376,70.90470266330306,4.009742235491638,73.13799763959865,1.0,22.34081325365438,1.972290265539642,38.8844189023553,26.38931105277033,0.8990718424254273,0.9602196186564927,14.02348302205729,86.2645669702742,1.2558517501634108,69.93833176745598,1.0,77.58573277776725,26.44282579716532,9.0,28.80085838931349,10.646125103066431,48.814055842110896,68.56870935895901,1.0,69.85274098490716,95.0,30.27034523575284,57.735027145149,3.150203470024061,16.567678480309834,16.652178184015014,6.656583414710672,3.8467039445361277,24.825214752396505,25.347179243149274,13.820329908934067,26.02640155927648,8.048879328081453,54.166666666666664
TSLA,1582813282304.0,94827003904.0,10503000064.0,3793999872.0,0.02095,0.05967720153,17.763,3732624896.0,130.49574749999988,19.26337,USD,Consumer Cyclical,Auto Manufacturers,US,421.80999755859375,96602705.97609562,36.51479286099544,65059006.66666666,-6.206084582929716,-4.1558755490269,39.381419804005006,0.0,4.000969888114287,11.075958990155296,TSLA,1.1542764268053505,78.35037766885374,0.0039716373327664,474135.01952,200000.0,10.258301495499015,1236.8363861996684,39.50572966951306,3154.9153213025547,0.0207468614216934,20.08779503615994,60.55688200327568,3.41304051731818,52.022416752368926,0.0,41.967028497891846,3.664562591902344,70.0,35.68371697058318,0.9240843006829154,2.8204698263267267,12.26118709676948,78.64600327858118,1.3856267768293735,55.56225700308804,0.0,86.87017418633458,35.653877216102174,12.0,18.59548403649612,12.209450317591816,61.33413630900368,80.02011093846694,0.0,82.83060296954847,72.6929317825844,54.39783430648026,69.5676028057981,3.7604330424492973,18.38611732131699,17.990805226305802,7.121120284736572,3.701443437427397,22.056686674985325,23.074926773775758,13.069249520524435,25.27532005696352,8.057033850586338,77.5
NVDA,4519046938624.0,187141996544.0,112696000512.0,99198001152.0,0.3982703000000003,1.07359,9.102,53282873344.0,45.829628,37.941536,USD,Technology,Semiconductors,US,185.6100006103516,177076640.47808772,27.901302630705644,132590173.86666673,-0.4772114689803985,-8.511838159535234,6.856323084061522,0.0,51.08526004909565,60.2195138414607,NVDA,1.171617232514243,83.16648992310986,0.18147392606929,935709.98272,200000.0,5.984236459241293,425.11379123921,34.170235138562695,1799.1276956439624,0.0116592792435276,70.05705917569021,99.0,1.9044464570969688,53.61883668579318,0.0,14.074149795135089,5.680795859621585,41.38706567747199,32.81855491482604,0.8100833721964136,2.9669723831882857,8.442489912481795,85.46954875492455,0.2503295364363251,86.41115140104954,1.0,98.35412098057375,29.24751011279113,14.0,33.614073658160336,38.20821103600869,73.55517745130749,67.36275447196026,1.0,62.20035911716928,66.057340912912,66.11324045060228,70.73843114185837,2.7129813426901395,18.992093199520546,18.702773536942637,6.054706426185354,3.5602001322344456,25.320383701366893,25.447959769456485,13.749061928632333,25.955133505461216,7.495612883392413,95.0
JPM,838837927936.0,168235008000.0,24765500416.0,55680999424.0,0.01354,0.16134001,245.288,19148812800.0,15.3839245,2.4264712,USD,Financial Services,Banks - Diversified,US,308.1400146484375,9494972.908366531,23.68722524874099,11143650.0,-3.938315828650341,0.0290662021886323,7.486884738243527,0.0,33.097153848026686,0.0,JPM,0.9813426949002066,80.60911488066658,0.096633796091396,841175.04,200000.0,5.21724907323416,160.7667569217846,10.032271863442356,402.0783503893073,0.0443393066815284,36.20104734941489,84.27870761868365,5.226212450508281,43.62148523485619,1.0,10.177576640594314,6.772769992251389,49.71126344388803,27.286844149148283,0.886354255996882,3.274720209102377,11.831847282506445,58.75956877687373,0.3565921162964555,55.69185640379885,1.0,93.79412209110733,41.88158427945813,13.0,29.398449005502982,63.39618829080336,60.77960027590605,72.0671674128292,1.0,60.59274382500497,48.69156188490612,74.81894992171154,64.95820797238956,2.413909685787288,16.066273154290734,16.226380476650593,5.086155525676872,2.4008247833565393,24.742904802254735,,13.642556239285677,25.84862769600929,5.999130960889456,85.0
JNJ,555944837120.0,94193000448.0,33059663872.0,26804000768.0,0.05039,0.35557,57.766,14302749696.0,20.920218,7.003673,USD,Healthcare,Drug Manufacturers - General,US,230.75,8826439.442231076,15.898432500573634,8805370.0,11.500364050602109,22.643625389887326,39.79535107302485,3.898378841883434,28.456467721078027,35.097792526792745,JNJ,1.3373060079611507,73.55858533055658,0.0828727186074252,470965.00224,200000.0,7.12539762869686,90.0854769033666,17.647261963098998,425.153460838699,0.1190005074232727,12.837314363451265,61.68168752477855,2.961273520994904,61.03132397424813,0.0,2.591204797395562,1.1868341171294854,44.29584920160589,32.72015035646941,0.9658970881924734,4.128959300831557,12.030944491368116,65.36677389544133,1.5843919493790524,59.424587415070846,0.0,100.0,32.53143628642529,9.0,46.14246553822598,33.058540548433186,50.37691861349771,76.85491809975204,0.0,47.79062995117253,80.66515232847763,69.12207617161032,89.03646180978524,1.2784877443600444,15.993262370379927,15.990872434175266,4.511798372274834,2.9256993236818616,24.011816995747083,24.22157976210672,13.062541188312624,25.268611710555646,6.054799518110266,54.166666666666664
V,642048851968.0,41391001600.0,28987000832.0,20592001024.0,0.18364,0.53954,54.612,22032250880.0,31.34648,16.663671,USD,Financial Services,Credit Services,US,333.8399963378906,6613493.625498008,23.372106965445266,7606976.666666667,-4.810240805286082,-3.051545726613858,-1.2553949840526712,0.0,49.749946191203065,65.6774641396989,V,0.8997768307060179,71.64278904774068,0.0979800577252185,206955.008,200000.0,8.961375907096592,364.0549864082534,263.9547072478484,2643.010665219688,0.0608283004504624,33.120140646596084,75.36938224636394,9.826397330322695,61.809058555619934,1.0,2.19918826842418,1.6669887946901685,48.301545820494354,11.835042976500285,0.8159299852770076,0.9730904753530852,11.33611410216034,60.13803440547391,0.7097411623726181,66.1125884588855,1.0,92.02506432138252,36.60720637625286,13.0,77.32617065301426,31.44313161817142,58.254460920686014,83.4711522189782,1.0,64.97617509711297,64.64072059844577,75.8184886783074,78.46859698223277,1.1628971115095457,15.704622759791677,15.844576498082748,5.900047989930112,5.579558895332555,23.74816853757679,24.090113319302173,12.240261527922431,24.44632934152032,7.88005223470765,85.0
WMT,989111910400.0,703060967424.0,42713001984.0,22909999104.0,0.06539,0.23661,66.747,10372750336.0,43.226482,10.292019,USD,Consumer Defensive,Discount Stores,US,124.05999755859376,21146806.772908367,20.64120747997829,36926976.66666666,11.354450660328496,21.601180715380952,26.51359215747296,0.0,3.2586077403701896,6.07529132793412,WMT,1.1693817777680802,86.65035948655955,0.199829111693322,3515304.83712,200000.0,6.077212472382778,828.476862719805,28.899080356440777,4313.49877185589,0.0653598071269326,27.322582534807644,66.582511582614,2.2810778460199708,34.92873521720181,0.0,40.74218119342699,4.765466248580427,34.34462939161686,38.65941268337171,0.8599944821895319,0.6941444815754441,8.41200765384379,70.46142764862003,0.6269335761421052,64.5837821799502,0.0,89.18140514559825,23.906037782339208,13.0,7.84664682981899,7.150420336370428,67.70319135115025,62.74991332541924,1.0,62.002594868517775,29.83950718274732,76.03304646520836,79.5371333976675,3.73151215695423,16.866999519342063,17.42445294396351,6.720795216197243,3.397827722613952,23.854839294345904,24.47776920696728,15.072637088579807,27.27870944964109,8.369736437293296,85.0
PG,357964185600.0,85259001856.0,24764999680.0,16161999872.0,0.10898,0.31562,68.719,13253374976.0,22.661242,6.8105636,USD,Consumer Defensive,Household & Personal Products,US,153.19000244140625,8640487.250996016,18.28620689551126,11077316.666666666,7.653099466198476,3.1405627729865992,3.124130742135134,0.0,18.956355950890856,29.04678584183682,PG,0.6941006983923653,83.5835392715117,0.0884153960691944,426295.00928,200000.0,5.579655163963889,9079.265458136684,306.58608756134225,38792.39423199697,0.1707139689908599,37.30668728704364,68.59501186659516,1.2562392512173552,51.088035723589485,0.0,14.034923812767682,4.986528150573874,47.91362962086527,46.68659141966671,0.856884661058765,1.208362740679671,9.628527996618743,75.44665430119083,0.951012763916674,54.664064064270406,0.0,73.99337754836704,39.81988811857127,8.0,24.30835265394861,8.074303545292175,70.01291198843913,98.0,1.0,46.86793268053735,48.59379952074072,65.42089603527717,82.32979104055991,2.7103757491025906,15.971969649715525,16.22041012212945,9.1138587066456,5.728755007614291,23.50592863689973,23.93269719010553,12.962889241414622,25.168959541165922,10.566005259364236,40.0
MA,496188489728.0,32790999040.0,20544000000.0,14968000512.0,0.23719999,1.868820599999999,245.288,16265374720.0,33.6792,51.24463454999999,USD,Financial Services,Credit Services,US,555.3699951171875,2882343.027888446,23.77941379696576,3727940.0,-2.570736256688156,0.4559010285732245,-0.52716595877913,0.0,45.64667424051744,62.65133909137524,MA,0.9929343547377284,72.28358429023517,0.0869765940983819,163954.9952,200000.0,4.336655700127051,728.3148657183414,125.55731655154702,3517.3654220759377,0.003921231828892242,33.8718963316393,79.44645353106543,2.4240049609941297,57.77541447066139,0.0,2.258373696212889,13.634266310613985,41.02558084007436,43.05005625908344,0.922444464895642,0.7403759563460444,10.177811758579232,71.5431430535271,1.5360241438917324,39.469382465806135,0.0,89.28183819150429,22.761682181959557,5.0,39.554503148943546,20.98767664241796,41.73126491680404,87.82481917452506,1.0,78.79405518725545,79.85544367540469,78.27793868723784,75.21895636656487,1.1812282047111127,14.87411441964867,15.131366628482127,6.5921055533260375,4.840695300820055,23.429180460191315,23.74583476450264,12.00735334885034,24.213419895194885,8.165751792011168,8.333333333333332
UNH,258698444800.0,447567003648.0,23324999680.0,12056000512.0,0.039,0.12538,77.08,15929249792.0,14.88223,2.5965323,USD,Healthcare,Healthcare Plans,US,285.5899963378906,12085127.888446216,57.03982861576745,9692223.333333334,-13.486410890073108,-16.603293266158836,21.68231133397212,0.0,2.851317394176048,5.2115101180123,UNH,0.9476937226291492,90.34829823865267,0.4675502210787052,2237835.01824,200000.0,6.166286416465322,2992.956033020651,24.527534814640504,9659.0699109311,0.0407398023968885,13.452178599494662,74.30504487758904,2.95323047316886,34.84822324250242,0.0,14.284107128230351,15.513773252578344,16.670687586156557,29.94461760032089,0.9521306994288358,1.169411784532269,13.59829301562451,74.78891762754306,1.3503995130509243,38.05873635128733,1.0,92.38110885079232,32.90124609906415,12.0,61.62846544566786,21.92255105783688,75.5091994867843,76.31009231736714,0.0,68.88660829134957,65.25365898860473,24.82900537050425,77.84353648521156,2.7268135387350667,16.307486237221823,16.08683450688813,8.004350879841905,3.239757666255871,23.212828340822032,23.872791570003507,14.621019893605618,26.82709209227766,9.175756164336804,77.5
HD,376422793216.0,166189006848.0,25586999296.0,14581999616.0,0.13226,1.62909,295.6676499999999,9733999616.0,25.775051,31.051983,USD,Consumer Cyclical,Home Improvement Retail,US,378.1199951171875,3789825.099601594,22.60756950523253,4381966.666666667,9.886657486265094,0.2675774252860918,2.4259017689004736,0.0,8.774346686683678,15.39632481190673,HD,1.0675923766122826,78.2597292207018,0.1413584028119699,830945.03424,200000.0,9.56529281181934,766.2549540912606,151.56236482658724,2053.1251898850733,0.0416454307827547,27.365992903713163,49.36859013291184,27.28690094417773,33.86428918034011,0.0,0.2805248209078341,3.075942284975028,19.232257573229635,21.25541055271893,0.7653444859555468,1.2775089516655656,4.643087455923491,65.32034905883823,0.3634215529706264,59.66365328461836,1.0,73.92786106635549,47.4312311975409,6.0,47.34217194194351,8.287756232698202,65.60838941068609,72.08255980953368,0.0,65.56715150295535,60.138123693349954,56.23837978831249,80.79657679412004,0.24727001023204334,15.147830691995772,15.293008420440009,6.642819150424272,5.0275734621328745,23.403053702065392,23.965350219476605,13.630320130982755,25.836391573070635,7.627605337942306,20.833333333333336
DIS,185230262272.0,95715999744.0,19256000512.0,12252000256.0,0.0435,0.12024,40.909,3158249984.0,15.3829155,1.7360879,USD,Communication Services,Entertainment,US,104.4499969482422,9995197.609561753,29.63456078149706,10757583.333333334,-8.191966221168222,-5.975772800761947,-9.80641986272468,0.0,12.80036805630087,20.1178492242694,DIS,0.8891419213499925,72.50384020083948,0.0583922988334589,478579.99872,200000.0,7.944590487442976,242.67319526698148,15.772859339571184,1614.5449791009537,0.0271059234251671,37.77931177023493,46.83895822221344,1.0,23.52249519129959,0.0,4.217575169023887,7.608823747485987,51.148850715017794,19.97134033084753,0.8261676320136897,0.1547836032995106,7.926025442717474,74.83153281930996,1.7068891352052349,41.6703943241758,1.0,85.5862035540107,32.005100773707454,7.0,23.710576083011222,20.29552473208525,68.13882344750542,55.0673382529021,1.0,55.79360537775428,82.44729653160059,46.203990989272825,90.0,1.652032766961535,16.117615396610834,16.19112158315599,5.495827963884085,2.8197620645551855,23.228955046893105,23.68108856406823,13.078580751871366,25.28465130789935,7.387427627093588,29.166666666666668
BAC,394553851904.0,107421999104.0,24765500416.0,29055000576.0,0.0097704,0.1019,245.288,19148812800.0,14.181102,1.4055305,USD,Financial Services,Banks - Diversified,US,54.02999877929688,39981033.067729086,21.90698688871684,37561490.0,-1.763638583096594,2.415198905943017,19.60766944139756,0.0,27.04753292467641,0.0,BAC,0.9605582212984995,88.98004461230468,0.1228938537656217,537109.99552,200000.0,4.98975137974007,50.0,87.34528898935355,347.5321994267979,0.0114766860314696,21.00927982786803,60.71834773136209,6.120930581328437,28.975219050641527,0.0,3.717510362502732,11.941777663100076,48.96094219770056,36.571268110855904,0.8733550472015418,0.2010239275120706,13.696196820471016,42.62973350004533,0.933057230344926,34.49433965544904,1.0,100.0,40.03522420541836,9.0,62.36594901414634,31.23349023972878,81.54986764790773,78.22597482413043,1.0,87.24640134199052,87.05741952891708,39.458581614715634,85.30042189503209,1.551281194867108,17.503915751327586,17.441489908002076,3.9318256327243257,4.4812528752088125,24.092456442332367,,13.193960047700386,25.40003083142557,5.853730620270499,54.166666666666664
XOM,583655686144.0,323904995328.0,58891001856.0,28843999232.0,0.04814,0.110810004,16.329,12923750400.0,20.656715,2.2297764,USD,Energy,Oil & Gas Integrated,US,138.39999389648438,16485546.613545816,24.496215179456936,18869436.666666668,14.76907987323687,21.728586398452208,28.520290707914377,0.0,8.905080084606704,18.18156641775915,XOM,1.247814151432452,85.61213271646322,0.0493035595048108,1619524.97664,200000.0,9.694904821667128,94.069152288024,146.6207622436619,528.5663504054677,0.1750749657598325,5.0,43.6054596654945,8.805522157344534,20.926655833304693,0.0,52.88573094083263,1.4300110806283683,29.47477997836908,36.00278891468092,0.8142053521633558,0.6409059560261888,8.605024536613405,57.47166485179426,1.3263198622343904,77.39647872832681,1.0,83.07751935455475,23.75023921356128,9.0,49.98185413667422,23.90305618364171,89.55045541793221,77.91620680950868,0.0,81.2337814612773,73.56546157600732,61.87979890636938,86.16656258870292,3.9868657107862013,16.617994652834977,16.753054116512068,4.554604545617437,4.994646567881358,24.085167809409604,24.79895414610323,14.297644057378436,26.503716085446882,6.272058464850163,54.166666666666664
CVX,347947499520.0,744123990016.0,152239996928.0,49195999232.0,0.04814,0.28639,21.239,12923750400.0,26.248869,1.8458064,USD,Energy,Oil & Gas Integrated,US,174.02999877929688,9207368.924302788,26.533571552698792,11401353.333333334,14.18541735955776,14.625876423033212,17.524841756841948,0.0,6.611263699607668,20.45895562710276,CVX,0.8689707288285348,74.14824163222777,0.0259905391204174,3720619.95008,200000.0,7.736760090461509,4088.8474441991593,140.67967355984865,9261.2093110156,0.0549031378634461,22.819134033518367,47.11735524833048,15.442934176944338,22.62101777374607,1.0,82.16563069332379,5.557930528977296,12.787585573368238,18.233379135420083,0.9534828322701936,0.7775208149466206,10.847217488056202,67.77036089244022,0.0692311267211709,53.55724340000505,0.0,89.88591121444182,28.84613292613549,14.0,66.61586024647029,5.697100154065754,73.89084619291084,69.28086628928241,1.0,95.0,51.2444358389496,64.28319428452038,90.0,4.420834169852578,16.035514800055523,16.249242707478015,8.316262948634389,4.953568689405356,24.619078140735876,25.74872403976221,15.129401134383908,27.33547351114305,9.133697885685756,95.0
CSCO,318616272896.0,57696002048.0,15676000256.0,10328999936.0,0.06646,0.22418,63.228,12405999616.0,31.135136,6.7747626,USD,Technology,Communication Equipment,US,80.63999938964844,20989872.111553784,20.023156947823235,20396920.0,5.246667317883569,11.193944198127516,21.53337714967205,0.0,17.90245349652966,27.1699939329564,CSCO,0.5313849886567797,58.1990297481072,0.0908451233418831,288480.01024,200000.00000000003,7.222841674078834,564.7727891954336,29.368576034996494,2135.9804359978107,0.0178807791218207,25.886957125804123,71.45260567679787,1.0,41.46678888180435,0.0,0.9229873046344506,6.506517829754582,37.66592958334692,44.62043065244183,0.87218040495599,2.1258818894564686,8.325766306888301,72.5486687029846,0.8912175169089843,48.4790377063014,0.0,96.35861684572782,30.96740057007636,14.0,33.628121662099986,29.219923688407352,74.69827732990555,60.50824938675952,1.0,74.25776835892383,72.47169440300907,47.03708955826756,73.5815271376047,0.6538798647306905,16.859550646592922,16.83089451605061,6.3381925650906785,3.4134083907340673,23.058221303871576,23.475396733678284,12.572384540372221,24.778453719481046,7.667149100386184,95.0
PFE,151580966912.0,62784999424.0,24458999808.0,9797000192.0,0.05189,0.105979994,66.531,14302749696.0,15.5,1.6334784,USD,Healthcare,Drug Manufacturers - General,US,34.59729953765869,52096455.37848605,15.773969546797556,46395473.333333336,8.8617773026193,13.560674835929309,17.428224794172166,4.055108741510594,15.604046001241228,38.95675723881647,PFE,1.5248751712616262,83.67548681223565,0.2633621504116234,313924.99712,200000.0,10.729493355200328,538.9308390511421,171.88776537191134,2342.742379573113,0.0258455144606062,20.01107568880225,72.51847696344362,3.6751564822550975,50.09017771902146,1.0,8.736613512459268,6.093226919715644,43.421289208710334,42.87494768417256,0.861512618483739,0.7570420909113444,9.961668610795972,91.58809316605542,0.8922555440256955,55.43408419351351,1.0,78.78439860764198,21.84882987406624,9.0,11.801277592429551,33.74957788305942,62.35611957683244,63.16441012720733,0.0,70.62407970647482,55.59991781508959,48.98313874419816,69.40486746197205,2.275893368537515,17.768607488642395,17.652712476520005,6.291441055524692,5.152642628889486,23.005342073008823,23.92026407548631,12.656912559152191,24.8629820192291,7.759504238331297,54.166666666666664
ABT,190423629824.0,44328001536.0,11492666368.0,6524000256.0,0.05039,0.13158,25.31,14302749696.0,29.411291,3.7337475,USD,Healthcare,Medical Devices,US,109.41000366210938,6914491.2350597605,32.900165216933715,10002463.333333334,-12.232242813682204,-11.795762790520016,-13.227112910314098,0.0,14.717560074756989,25.92642566723088,ABT,1.414436223607146,45.99461084703485,0.2647042405865561,221640.00768,200000.0,8.277309695072029,705.4452744948524,10.0,4094.428512516148,0.0542678791678121,37.54756126913208,69.10003759875661,5.787815447698709,36.67218566617394,0.0,98.89863833302996,13.457365729120983,44.15545829890508,37.88512348377426,0.8459539323945836,1.1415909951213123,7.588335441732384,72.25700304567141,0.5898816728456603,57.52237512256205,0.0,88.03812493466876,26.993556901496344,11.0,51.29334674929018,18.3495779549444,52.100779397732566,72.38952272609703,0.0,80.19096458445681,74.01128577912455,62.20369288690493,69.95576705063742,4.6041560552616145,15.749130090892477,16.118342053931947,6.560245739102959,2.3978952727983707,22.59875356109819,23.164974961850515,12.308814269442706,24.514882403184803,8.317626633673573,72.5
COST,429910884352.0,280390991872.0,13125000192.0,8302000128.0,0.08524,0.30325,26.968,7170250240.0,51.81166,14.18593,USD,Consumer Defensive,Discount Stores,US,892.3944818115235,2399072.111553785,20.63677403082988,2759610.0,12.44785710195202,5.528783972693008,1.9458605724684164,0.0,2.960865494491317,4.680963573177712,COST,0.6123211914683144,66.79136732703374,0.0418406403770263,1401954.95936,200000.0,9.34257325103661,1464.963230588646,69.55703562250996,10465.932522914924,0.0079539001038022,29.30103631819127,81.69747807643148,2.042128940476885,36.260919258468746,0.0,43.92498630166421,3.788431915412242,27.77944923977328,34.95478954544556,0.7744350937844466,0.6807768979100969,9.784587982663863,69.87024099549869,1.279910832814395,50.48786531673001,0.0,78.89169815724888,42.03849513721904,12.0,8.805518397734978,19.68169001912121,61.37232416901108,47.26120673371044,1.0,78.48225826958793,45.09556580904908,59.04619017929107,68.36559806388084,3.8049941277539214,14.690593017203131,14.830600285731085,7.290267800678195,4.256421398663364,22.839762302115684,23.297784660128862,14.153378933358603,26.35945086560292,9.255976283184149,77.5
AVGO,1569883029504.0,63886999552.0,35002998784.0,23125999616.0,0.09788,0.31048,166.032,25044125696.0,69.41509,5.5910907,USD,Technology,Semiconductors,US,331.1099853515625,26191962.151394423,32.013297142671746,29432836.666666668,-4.33112409349965,-11.880486753011754,15.13023152613231,0.0,36.19828725432142,54.78892267512072,AVGO,1.2069123415735583,76.05940864074756,0.0750093192487072,319434.99776,200000.0,10.062940979217334,239.55307867734456,530.0618117919598,1488.7720354956707,0.0195579543450715,22.97209118864614,67.37495643147855,3.640394577090676,10.922133232295336,1.0,8.634957821673652,3.183200123579228,38.51703111238923,42.09841059491775,0.9509548805610202,0.0020957467360321,10.51158420728192,81.34961198511107,0.759195809728279,57.04501327357046,0.0,100.0,37.13887652129312,14.0,22.67016088756056,33.792039600326184,87.4082360235129,70.01696505448554,0.0,93.36387799069684,57.698598843960056,38.0219710076404,90.0,2.2653979242411437,17.08096317172716,17.19762153644718,5.482940766555953,6.274878420855113,23.864223346091734,24.27869957433697,12.674312212732996,24.88038172775636,7.306378390922744,95.0
NFLX,351058788352.0,45183037440.0,13659992064.0,10981200896.0,0.15251,0.42762002,63.782,24817524736.0,32.711464,13.128173,USD,Communication Services,Entertainment,US,82.76000213623047,41064494.82071713,18.411775443625107,45896266.66666666,-11.732081643958724,-22.646554475809157,-25.77567186946774,0.0,24.30381293108568,30.232566994061745,NFLX,0.849107568834597,85.21784760697787,0.0237795238187563,225915.1872,200000.0,3.620806829479818,76.70917354672788,156.3097448039307,403.0968739701906,0.0126785244607698,33.27177358552977,61.6291945424591,2.2994696353312887,26.93333737617658,0.0,4.784864912809785,3.714436815569193,39.51515130066862,43.07472193008122,0.90526866845943,0.6878841955904473,10.480733652593024,93.71144010076809,0.551984056524251,70.87288523789454,0.0,89.33233033449618,22.371348086246105,6.0,12.47441719822114,27.567645669790405,71.28560153127135,69.0851002100651,1.0,73.12320185513317,56.44078501870841,68.06595103019843,60.79439878538248,1.7552450090868725,17.530654457489852,17.641894357272868,4.352973314069088,5.058216758583595,23.119450638358664,23.337737110195768,12.327919356374062,24.53398757549626,6.001654636271756,20.833333333333336
ADBE,122808868864.0,23768999936.0,9242000384.0,7129999872.0,0.18221001,0.55426,57.266,8805874688.0,17.57819,10.424618,USD,Technology,Software - Application,US,293.3800048828125,4033382.868525896,27.382091578441464,4422480.0,-16.17474411586827,-13.51844908375296,-15.646919154738514,0.0,29.997054529841872,38.88257986825214,ADBE,1.079046164599318,75.66335980084688,0.4986177243090433,118844.99968,200000.0,3.52032627523583,1472.3999320304918,10.0,5817.658834829575,0.0136987362774621,43.56884725261821,77.48917950148152,4.762392153913999,46.63777051244901,1.0,35.30819768244315,1.97962760542012,29.48804029093189,31.96482652151355,0.82855196069771,0.0073607280094827,10.317697524962586,82.80955201093062,1.4643389840756282,56.07620627649457,1.0,93.61685114981142,34.76990891715624,9.0,24.602507981860143,18.82953666048656,61.53483756551845,73.09291752530913,1.0,78.39593209642979,68.19732713846989,57.855101959726206,57.20522105476768,3.5920435472469796,15.210116251206953,15.3022114087943,7.295327888117649,2.3978952727983707,22.687577053560553,22.947024191052133,11.685583813660667,23.891648044947114,8.668825073419002,54.166666666666664
CRM,200691122176.0,40317001728.0,11800999936.0,7222000128.0,0.059499998,0.12184,19.385,14523750400.0,28.183155,3.3085363,USD,Technology,Software - Application,US,210.8099975585937,8021454.581673306,35.652232926546425,8423600.0,-19.190318616637285,-17.728313980091837,-15.642518511833646,0.0,17.91303871434554,29.27052962820956,CRM,1.0882672387040482,95.99547360351,0.3969541312324312,201585.00864,200000.0,11.174011366693872,664.1865089568222,13.59505118074907,3096.7704719660087,0.0170972670055292,25.363980413911207,73.37688679782565,4.852000800660832,36.51305085433408,0.0,19.238697111018837,8.052956422250585,45.54248389462509,47.96078526253783,0.9360921213892266,0.2129319980180239,5.476017254263368,79.47382121382168,0.4029135965986801,60.769734871947385,0.0,86.34762950015882,49.600659167716096,8.0,29.697195631501742,17.973706325358425,78.07880096045449,69.08574483313265,1.0,79.15511541009039,42.977942426715344,69.52113373285506,90.0,3.0075964703620643,15.897630457348885,15.946547967001843,6.500067465929736,2.6806825110316232,22.700397777663763,23.19145010525149,12.213971411183648,24.42003909606458,8.038437929131373,40.0
NKE,106545841438.72,46513000448.0,4094249984.0,2524000000.0,0.0502,0.17950001,80.099,2576624896.0,36.36257,6.5328856,USD,Consumer Cyclical,Footwear & Accessories,US,62.18000030517578,16945829.083665337,43.037289413804615,22195260.0,-2.401504946293065,-3.5793918777030864,-15.703326189024711,0.0,5.426439867756432,8.186958405870245,NKE,0.9296776599051034,55.38654888838457,0.1048420049886096,232565.00224,200000.0,2.343621738276884,50.0,212.7224217149042,233.32583582536043,0.2402103266051317,26.8374021407755,66.31006704380954,9.2808370795588,29.748491798920803,0.0,27.76152782630037,7.4922014143491324,44.54088567923989,22.395363175362583,0.8455008476020192,0.4414783192814175,4.314261660925582,84.34700139066167,0.7033577543203207,57.62888482770828,0.0,63.63302882312067,44.75815209731916,8.0,20.133055041449868,10.009572718890892,53.78873149648996,80.2090073193431,1.0,57.990640650490825,74.2747490900347,53.88268302646551,55.571684543092296,3.359038654748542,16.645532348761524,16.915389355586402,3.9318256327243257,5.364678078276094,21.649110782021573,22.132849383630575,12.356929344325225,24.56299769001303,5.456712607575342,40.0
TMO,218575683584.0,44556001280.0,11152000000.0,6704000000.0,0.05039,0.13024001,73.566,4364624896.0,32.79425,4.0952125,USD,Healthcare,Diagnostics & Research,US,581.77001953125,2304277.290836653,24.616073124928867,2271097.533333333,0.4003809259373714,4.672159078242988,25.84875643133828,0.0,15.04623352053194,25.02917604728105,TMO,0.7648703003240811,59.333257311234654,0.1631755403706576,222780.0064,200000.0,4.0887673348481846,1501.549005776904,13.929569040967136,4637.729435106846,0.1308734539421627,23.82893830663408,66.3175940339693,1.7366297807846365,55.31120690919764,0.0,1.3314914783959837,4.420331958552592,47.83298029036388,30.96058189117465,0.8870834551428823,0.1483140941801557,5.093486820500766,83.42195222897942,0.4083031460213384,49.502834332968845,0.0,97.72516279941108,33.115819693647175,5.0,20.61564696064711,12.568005247771756,95.0,52.57815751176333,1.0,53.43918025378577,50.39929623265843,70.9749642542375,85.16153436878474,0.8465081822717759,14.65027807945729,14.635774207787753,7.314918282035141,2.703343745827531,22.625970200275358,23.13488469105425,12.31394453385015,24.520012690679692,8.442195779081628,8.333333333333332
LIN,215773413376.0,33504000000.0,13150000128.0,7093000192.0,0.06989,0.17979999,64.673,3498374912.0,30.75936,5.5642753,USD,Basic Materials,Specialty Chemicals,US,460.1600036621094,2224021.8326693224,12.6813656874561,2352260.0,7.919976512938631,7.4305628138849,0.8527979460399404,0.0,21.1706070678128,39.2490452722063,LIN,0.7928376843051221,68.40744140210401,0.1255617603584788,167520.0,200000.0,6.632398235921046,268.26997088168105,88.39083927882706,1254.0938358010692,0.37439927139251516,15.422542015382248,52.06228708780354,3.550925941041654,48.13447621588736,0.0,185.1430809335884,12.239694115962862,23.86549915331937,18.39985982631993,0.7814295234317964,1.7529768292750136,13.399864809226305,65.03408222054848,0.739694467218594,34.65626297584163,1.0,61.9274476917322,26.038613422034512,6.0,47.23929801610768,31.39540454135008,66.51206469694893,75.88755992446369,1.0,54.3519168830476,46.77561398325955,62.39173184993456,90.0,5.226515630321394,14.614828200787915,14.670887551231763,5.595714485548383,4.493018208012247,22.682374246376284,23.299687605380072,12.028863995523032,24.234930671664383,7.134965618333385,20.833333333333336
ABBV,398792654848.0,59643998208.0,29518999552.0,2451840000.0,0.09585,1.37961,57.766,20799000576.0,130.49574749999988,-12.946943832499999,USD,Healthcare,Drug Manufacturers - General,US,230.75,8826439.442231076,24.616073124928867,9692223.333333334,0.4003809259373714,4.672159078242988,21.68231133397212,0.0,3.93669115174285,49.49198651816846,ABBV,0.7251424253556273,71.44191806692407,0.0899330913689018,298219.99104,200000.0,8.576422987427375,295.39419667632177,10.0,860.9252282627208,0.0788390013333416,25.56259493474211,85.1738760702688,6.569857978711367,42.82863908589944,1.0,52.47266204806017,5.619161532218557,33.50253898213431,15.437946268967035,0.8945593928838781,0.4158074311065991,13.989357908016975,61.56280564759199,1.2640472530763427,50.40594710465355,0.0,89.10369511215805,31.85463486838052,7.0,16.036348178236697,24.734831852400426,73.73740516968671,66.27597865772974,1.0,74.74725787407054,63.30338450151319,23.44715541124404,68.98087812073541,3.979170533546319,,,5.691690313865617,2.3978952727983707,21.62010460044436,24.108299945623358,12.605590071323602,24.811659363646903,6.759168524746759,29.166666666666668
ACN,165446860800.0,70725558272.0,12458010624.0,7611100160.0,0.11125,0.25016,25.694,11122880512.0,22.030554,5.318568,USD,Technology,Information Technology Services,US,270.010009765625,23155561.752988048,27.901302630705644,29432836.666666668,-4.33112409349965,-11.880486753011754,6.856323084061522,0.0,10.761456460660003,17.614580822520114,ACN,0.7504533375308666,76.15363433730968,0.0054823726391967,353627.79136,200000.00000000003,6.647124284228197,1774.6764688734256,11.371558641888996,8641.616941655362,0.0263825528337947,37.0143387566233,84.06514761862712,3.7643528836975726,39.765969302669966,0.0,41.76644801627986,9.54435650203688,26.579238483117347,49.62079976579709,0.9330791543441516,0.1829240185702369,3.339662800885802,75.807523605295,0.3513400233111502,75.98551336380025,1.0,80.39765790436991,30.46799513513653,5.0,33.217210051402105,42.93310936578349,50.78122437860116,47.46078865098045,1.0,78.61183893487129,61.07238778716291,86.42958936487247,42.37597877213006,3.7557538703047104,,,7.481936738530307,2.515400180236363,22.752873566176607,23.24562967664363,12.776003029960322,24.982072847676587,9.064460702702831,8.333333333333332
DHR,157935583232.0,24568000512.0,7136999936.0,3600000000.0,0.03641,0.07053,35.055,4317624832.0,44.417492,3.0063512,USD,Healthcare,Diagnostics & Research,US,230.75,8826439.442231076,24.616073124928867,9692223.333333334,0.4003809259373714,4.672159078242988,21.68231133397212,0.0,14.653207118917209,29.049982852751903,DHR,0.9798465129851934,98.46940487010268,0.0606537178790451,122840.00256,200000.0,7.303249496749211,2458.089351637443,111.12606489271316,5078.873705037814,0.0188350846350887,5.0,62.437944357451286,6.559919828634362,23.012936104049384,1.0,8.28056885550898,7.539437955543189,42.09061002844376,45.76571501664491,0.8479029298881121,0.0132323160866238,5.617350112724409,70.43521685635093,1.7760285804190563,44.7620303684255,0.0,58.95989140548799,25.847418090720662,5.0,46.69511066243543,14.82320899812595,76.50715040565558,64.39547450165048,0.0,37.01943714485422,60.0403771684196,49.08974232611231,74.57873946545988,2.2279228440044165,,,7.807546378130839,4.719623817704769,22.004199682686252,22.688558348108103,11.718646136032362,23.924710640965753,8.533041679050454,8.333333333333332
VZ,188120367104.0,138190995456.0,47608000512.0,17173999616.0,0.04636,0.17069,171.781,14933125120.0,11.390767625,1.8008963,USD,Communication Services,Telecom Services,US,224.06999969482422,26200297.609561753,24.023168112561084,23082856.666666664,-0.5873748598488988,0.051718583640908644,-7.739621632253362,0.0,12.427726972607417,34.45087022848633,VZ,0.7852720032667745,68.95631247441388,0.1123272780939131,690954.97728,200000.0,4.834102912689911,808.9036780208783,96.09846046080791,5510.885508375829,0.0664739343576913,5.0,67.39618582455391,4.676803911988701,35.895631550781,0.0,71.31912149541752,3.146121870353717,34.02142548371484,32.38032816149994,0.9178955742601668,1.5104871185056776,8.187132190979415,59.07770906105839,0.3863634125825851,55.00633242324904,1.0,83.6962413475222,24.137060674089845,6.0,33.843268406595705,10.145302315098515,71.71051280549409,77.56820840774998,1.0,64.07555809726745,46.327862089684494,27.880000418610827,82.95776076953409,4.281088568546334,,,6.6969153245718065,4.5757255199790805,23.56666242689555,24.58626666206446,13.445831392008309,25.651902590274464,8.614662041138114,20.833333333333336
WFC,289643331584.0,80041000960.0,24765500416.0,20284999680.0,0.01047,0.11732,245.288,19148812800.0,14.739615,1.7345941,USD,Financial Services,Banks - Diversified,US,320.99000549316406,8054233.26693227,23.529666107093128,9375313.333333334,-3.254526042669249,0.2424836153809284,3.4798593897321983,0.0,25.343260874682592,0.0,WFC,1.204615619713786,46.603409604274354,0.1131750175097632,400205.0048,200000.0,15.10385378802321,236.07434115012592,15.969873726036496,1728.4299510995188,0.0051107181405534,40.87121590441716,74.81115212684031,2.8919345582259486,55.480460123802565,1.0,27.67726630610177,3.3529097889703,59.49494936108124,40.55215871473688,0.8521218160246039,2.7707993880074326,8.999219879381604,65.04696945976663,0.423163387599049,59.13570383468966,1.0,100.0,19.8275772311777,7.0,31.2908347240192,10.124464720110248,54.8821442468152,71.17106586762901,1.0,74.95972600240455,75.04297203576498,50.732325361023534,56.24786339337393,3.35610469410693,,,5.46837376768811,2.8314396382070477,23.733147517878916,,12.899734705516956,25.10580485234337,7.455547125157163,29.166666666666668
CMCSA,116619059200.0,123706998784.0,36879998976.0,19997999104.0,0.04795,0.2141,101.603,6278125056.0,11.390767625,1.1102773,USD,Communication Services,Telecom Services,US,224.06999969482422,26200297.609561753,24.023168112561084,23082856.666666664,-0.5873748598488988,0.051718583640908644,-7.739621632253362,0.0,16.165616578345524,29.81237871625577,CMCSA,1.4461738466007783,74.94662242425407,0.0467004321146347,618534.99392,200000.0,6.167982052981139,2762.202539719389,92.27367031463608,15716.571823493396,0.0397145307238727,14.25073944738072,76.9922394928548,19.0257561262946,66.77005941551889,0.0,45.80890914620961,7.585028139624976,41.2863499551006,46.73096977022177,0.7765122095215091,0.4717443899764865,8.11463084181344,75.14733031554806,0.9749598070107268,36.76871844818402,1.0,79.92186596996847,23.181430673737157,5.0,10.663964350139658,68.43277186833919,91.47311465790948,92.61503576636396,0.0,81.1003947671177,52.62815679598921,63.82440850313768,81.99048317100961,3.8460735511782227,,,7.924145626514527,4.535537863467,23.71889806074559,24.330935207896193,13.335110664626642,25.5411816934428,9.662534589898018,8.333333333333332
NEE,179791691776.0,27412000768.0,15228000256.0,6834999808.0,0.025710002,0.083739996,143.833,-14304124928.0,26.320124,3.302475,USD,Utilities,Utilities - Regulated Electric,US,270.010009765625,9494972.908366531,24.023168112561084,11077316.666666666,-0.5873748598488988,0.2424836153809284,3.4798593897321983,0.0,24.93433392858717,55.55231223317614,NEE,0.8259840275889871,67.37280772955202,0.2842015744951548,137060.00384,200000.0,8.644959295197877,10526.37977478845,61.28412215124083,65748.66922033786,0.0961844260234566,48.36159521595923,65.56072346527671,10.958629253889182,32.8394146334313,1.0,22.43215997825517,1.0740821350850367,46.967580661930725,45.11033695525353,0.895246839242803,0.080944464486034,11.168523325479017,67.53097843902447,2.233530028039735,37.511388503610455,1.0,71.58082420556612,32.72708997528963,7.0,39.19557421910525,30.291891979047737,61.007589924057065,60.30083164289712,1.0,32.13285344062021,65.08529562441026,35.597544218965105,69.57356244029977,3.154109436843163,,,9.261734739860538,4.1317065321750075,22.64532227917792,23.446401692343468,11.828181389204632,24.034246738723397,11.09360991915797,29.166666666666668
PM,280101584896.0,39992000512.0,17959999488.0,8600999936.0,0.14938,0.26993,18.860500000000002,7741749760.0,25.632479,-12.946943832499999,USD,Consumer Defensive,Tobacco,US,153.19000244140625,8640487.250996016,20.63677403082988,11077316.666666666,11.354450660328496,5.528783972693008,3.124130742135134,0.0,21.506800924897927,44.90897994115329,PM,1.071821350160613,92.61534111619773,0.0183150338823058,199960.00256,200000.0,3.760794763137787,1307.004006866037,13.911878526932274,3675.457981027735,0.0643247555386634,33.900894071976985,65.08905290876206,4.219224341763301,27.70316977778681,0.0,10.047701599726231,2.9229343370363985,63.24915274190031,36.4649597621672,0.8051951824596523,0.0,8.754110719223775,58.44516535938378,0.2652930644547747,52.95388935254118,0.0,84.96064163706951,20.449596459398425,13.0,28.07674513770891,32.74164670170175,70.48477419884291,70.18597093977762,0.0,58.911852814814544,85.93985004927039,63.28032401009592,73.00735875146502,2.402222406303981,,,7.1762575953656915,2.702158111915708,22.875144305191025,23.611412871368348,12.205877639317698,24.411945283885245,8.209705062501941,85.0
TXN,204449267712.0,18959349985.28,8057999872.0,5000999936.0,0.1095,0.30148,86.327,-172875008.0,41.28624,12.540965,USD,Technology,Semiconductors,US,270.010009765625,23155561.752988048,27.901302630705644,29432836.666666668,-4.33112409349965,-11.880486753011754,6.856323084061522,0.0,28.282999503462506,45.57176750555289,TXN,1.14990553309088,72.86428847113501,0.0693866331518139,94796.7499264,200000.0,5.763048108066647,53.988225929264445,166.8029322123137,285.76140424482816,0.0235545509970795,14.742588798768338,72.04285864733286,2.332794913947731,49.67885606871842,1.0,21.824070896594755,5.397680649218707,35.531180864707466,46.83356440627304,0.8318425226854935,0.4100152086934174,8.758777765822911,50.0601575380706,0.5039453871712332,53.17154258563872,1.0,93.36267898222478,28.031592101883756,8.0,22.000473307899203,19.12823010104752,59.76969860812599,73.83347070993243,1.0,77.97541737719322,67.48129362548529,33.34566434960316,72.70692234426349,3.1278157201364287,,,4.007119088301985,5.1227902683280675,22.332903716785697,22.809931207954833,11.459500953007849,23.665563049761545,5.658650525906801,40.0
RTX,269615824896.0,88603000832.0,15121000448.0,6732000256.0,0.040209997,0.109519996,58.843,7167499776.0,40.460766,4.1450744,USD,Industrials,Aerospace & Defense,US,270.010009765625,9494972.908366531,24.023168112561084,11077316.666666666,-0.5873748598488988,0.2424836153809284,3.4798593897321983,0.0,7.597937082023367,17.06601391150499,RTX,1.1416006812757824,61.127288926925786,0.1174038592141473,443015.00416,200000.0,10.737457406264872,2599.443847618553,26.41855029313329,9677.281686601327,0.133081152532752,24.7443140011728,69.7031247879168,25.27689667344094,48.25246633836829,0.0,17.19216115893184,6.262515941613686,48.58462776702103,28.477305038824973,0.8868397841680222,4.075697122281738,7.363061669733648,66.71148255505788,0.333092475315773,54.858417248396194,0.0,94.578315831862,31.31442594078637,9.0,23.94423783339836,10.827662180294436,59.912041118535726,58.42788725142462,0.0,50.69522020884386,45.86262565975555,50.52362604476154,78.84243832180954,2.9009907957492755,,,7.863437420062693,3.311219802318291,22.630138151450847,23.439350372770747,13.001361175146725,25.20743156343084,9.177639652798815,54.166666666666664
RELIANCE.NS,16586661597020.145,6308095556321.258,1340655468544.0,817840380968.96,0.04814,0.198600002,35.651,12923750400.0,23.382689,2.2173362,INR,Energy,Oil & Gas Refining & Marketing,India,156.21499633789062,12846457.768924303,25.514893366077864,15135395.0,14.477248616397315,18.17723141074271,23.02256623237816,0.0,8.12172795900787,16.441493939473645,RELIANCE.NS,1.0227865803748262,58.10599910225319,0.1194470778209718,31540477.781606287,200000.0,3.4347391555578377,3896.344491170325,31.712675455267348,10433.082869788515,0.169969324797722,9.895351423523843,53.29146577387321,37.5145832611687,40.38367634208551,0.0,31.8417472127702,1.3961685154636836,41.06397919637912,33.14197276037368,0.8202633649856764,0.3332190587232693,9.043274114202106,77.90276477828827,0.2990210903779505,56.87345249397474,1.0,90.57955233565691,24.08721895633608,8.0,28.63207760648829,27.8784761111041,63.304908144577496,77.72573701202731,1.0,88.59858321874258,35.426821688015146,24.751264903629306,65.66557606277816,3.4917004869682917,,,8.26805070050034,3.487762631396098,27.42993302121962,27.92417976592435,17.266782319523653,29.472854933348696,9.252832925834536,40.0
TCS.NS,11669417754624.0,2608020062208.0,682080010240.0,477160013824.0,0.22512,0.42635,9.444,361180004352.0,24.460033,10.280595,INR,Technology,Information Technology Services,India,270.010009765625,23155561.752988048,27.901302630705644,29432836.666666668,-4.33112409349965,-11.880486753011754,6.856323084061522,0.0,18.295872057825623,26.153173440795463,TCS.NS,1.2228047255079166,77.98785684899944,0.1045940970982072,13040100.31104,200000.0,0.9635333854238602,382.9518811752674,44.209446335578015,1409.348695254484,0.0231933196463842,42.19348034167685,87.12153363340747,3.5955044527779507,52.64686724666669,0.0,0.3634129282832892,10.389225763390996,48.53465932200724,28.69651514299775,0.7892507323854687,0.2469318348883013,8.429661864121233,74.75051169292962,0.991315380002295,72.19392264514912,0.0,94.1755990684452,43.31239428044993,10.0,30.760915795931457,21.243303801561247,82.54253963129828,63.72646865809426,1.0,70.26042779281742,66.97733290948331,68.83803542821656,78.56943887741988,0.3099910622862824,,,5.950517235296435,3.8113060547280524,26.891117730333665,27.24841280497768,16.383539883684133,28.58961245252817,7.251592254397139,65.83333333333333
HDFCBANK.NS,14598610616320.0,2845330898944.0,24765500416.0,745100869632.0,0.01749,0.14015001,245.288,19148812800.0,21.162169,2.5844433,INR,Financial Services,Banks - Regional,India,320.99000549316406,8054233.26693227,23.529666107093128,9375313.333333334,-3.254526042669249,0.2424836153809284,3.4798593897321983,0.0,26.186791487363827,0.0,HDFCBANK.NS,1.1446746858041972,73.24221981856414,0.0321981238961433,14226654.49472,200000.0,7.072052623618116,50.0,10.0,230.3787882576136,0.0224826646954746,40.13694426366092,68.3321958178833,5.748286111867471,61.42891174916469,0.0,18.191862188294667,13.924920382455962,46.34685808415393,60.0,0.8376879931297364,3.006410131231943,11.6976974335144,73.13809282917691,2.008901740160078,46.80650812091966,1.0,67.00698900340917,33.35041953444121,5.0,12.624864490965344,13.39272427090598,53.744631325784,47.185681165800936,1.0,81.70818293876587,65.31676997505808,44.948651701691134,69.21021520102433,2.954486344826674,,,3.9318256327243257,2.3978952727983707,27.336785441641368,,16.47062791044731,28.676700485687242,5.444056143564009,8.333333333333332
INFY.NS,6699663491072.0,19847000064.0,4380499968.0,3206000128.0,0.15672,0.32683,10.531,579305877340.1598,23.472713,7.913532,INR,Technology,Information Technology Services,India,270.010009765625,23155561.752988048,27.901302630705644,29432836.666666668,-4.33112409349965,-11.880486753011754,6.856323084061522,0.0,16.15357544042783,22.07134556292809,INFY.NS,0.6287012733018107,75.61339698972074,0.0169847563970957,99235.00032,200000.0,4.392540810899315,58.519069221609904,14.785230471214504,404.32229455958907,0.0394263740169353,45.85507030220938,76.39037624277628,1.911482133388579,44.46560152099907,0.0,0.9178123668609888,8.817823051954962,51.17095821220886,39.630994490429984,0.7702640004350735,1.092724217605237,10.288735694801902,80.19604692327356,0.3045855866845182,62.67005906558923,0.0,84.91455566957907,40.46686208746479,8.0,42.13909808522236,67.83774820945575,62.70875060154362,78.11924091029275,1.0,65.38030119245516,46.64401383835731,68.19520877335644,80.87319040705098,0.6511851441789472,,,4.0862967523247695,2.7590747225504684,21.888289931370828,22.200428702993875,11.505256133889958,23.711318702431587,6.004682539670352,40.0
HINDUNILVR.NS,5565242146816.0,642430009344.0,142029996032.0,108889997312.0,0.10227,0.21819,3.611,111142502400.0,51.00345,11.42138,INR,Consumer Defensive,Household & Personal Products,India,153.19000244140625,8640487.250996016,20.63677403082988,11077316.666666666,11.354450660328496,5.528783972693008,3.124130742135134,0.0,16.949705917877353,22.108244317078228,HINDUNILVR.NS,1.260746819316782,61.34585621000211,0.1010437487492389,3212150.04672,200000.0,7.1232483270084055,306.3318508101134,80.15659074041422,2271.364852963706,0.0365163877205094,19.64988317448678,53.32865880564265,2.712187832395862,71.52986153540238,1.0,4.593821535963851,2.353700151003349,36.472076669640494,41.88076354077459,0.9166921060126866,0.4869980086040061,5.5159079206088,75.53875921992501,1.577818849198011,54.606866603099945,0.0,86.86354022648344,18.19009022775043,14.0,19.26181357062311,15.233735178894802,51.59726634171378,71.9425938607033,0.0,64.34641377358429,67.95859008141073,27.77414565939988,82.99455850217528,1.7216626915114526,,,5.727928111048585,4.39638050742689,25.413604010628102,25.679304111908728,14.982451378696538,27.188523712910357,7.728576353640151,95.0
ICICIBANK.NS,9940466925568.0,1924702535680.0,24765500416.0,529548541952.0,0.02142,0.16798,245.288,19148812800.0,18.987566,2.8498716,INR,Financial Services,Banks - Regional,India,320.99000549316406,8054233.26693227,23.529666107093128,9375313.333333334,-3.254526042669249,0.2424836153809284,3.4798593897321983,0.0,27.51326670668669,0.0,ICICIBANK.NS,1.2661872511800225,80.18389064933555,0.0914547542460641,9623512.6784,200000.0,4.44844748499883,2405.565987415323,96.48890020644438,13185.69887936501,0.0163253677692585,17.842754823277026,68.03367099279245,1.0,40.37527225664659,1.0,3.514282216582195,4.909414342879963,45.53342399243048,23.245374471080623,0.853227987434073,0.4626657951612171,7.872868696897313,62.72370803008428,0.0582696649709589,51.077415865213766,0.0,93.28035819174212,40.95465040502136,6.0,29.70225979679597,31.008496496221632,79.38519803127708,73.80495504753598,0.0,51.9348081606617,73.0236170617058,48.81209428419841,63.80065809009128,1.5072461967295114,,,7.7859561088597795,4.57973852748661,26.995290672862456,,16.079720003190282,28.28579254480882,9.48696393988899,20.833333333333336
SBIN.NS,9823222497280.0,3571947143168.0,24765500416.0,807924203520.0,0.011460001,0.15675999,245.288,19148812800.0,11.83628,1.7254544,INR,Financial Services,Banks - Regional,India,320.99000549316406,8054233.26693227,23.529666107093128,9375313.333333334,-3.254526042669249,0.2424836153809284,3.4798593897321983,0.0,22.618593476818443,0.0,SBIN.NS,0.7710141687464256,91.80775351909035,0.0197665893646573,17859735.71584,200000.0,5.758459946776328,535.1928522065622,14.488956037805709,1736.087484637415,0.0263652926179178,33.32036037331129,59.26480130507431,1.0,37.78259045702624,0.0,2.402252189216844,10.55245048090355,49.12134717871084,55.94106292040441,0.9593334497336274,0.4361213564682478,6.636385002650641,66.64386542892935,0.5972014406343359,43.777688118553,0.0,93.05171790509674,37.47277879971133,8.0,65.05105361357532,55.12135452812529,76.87744798154645,66.2473102203893,1.0,42.17190943225565,95.0,61.14605230039504,83.39324844655677,1.2244376209195698,,,6.284493895251542,2.7401272562767276,27.41773408354379,,16.69805939174966,28.904131981288245,7.459965130336897,40.0
BHARTIARTL.NS,12166497304576.0,1946135035904.0,996800987136.0,385425997824.0,0.07565,0.33018002,129.719,381545512960.0,31.07671,9.825703,INR,Communication Services,Telecom Services,India,224.06999969482422,26200297.609561753,24.023168112561084,23082856.666666664,-0.5873748598488988,0.051718583640908644,-7.739621632253362,0.0,19.804689331075405,51.2195181087717,BHARTIARTL.NS,1.0113813506342806,45.5892767987513,0.1221251713818488,9730675.17952,200000.0,4.961665131483642,1443.2837788303634,72.2715822092063,4622.617255646844,0.0267429969665988,50.68851369662055,76.2724038578205,3.227147093163586,60.655344238139335,1.0,24.627124802132556,14.17649224158828,38.09541470954588,26.055680167332763,0.9316772431983146,0.3117831491766319,6.771107656892358,81.09252767257264,0.8934131902032553,69.2004444530346,0.0,92.168131414991,43.03261214348456,5.0,25.66135263526242,17.629020371050803,58.46116826232261,65.24821725025618,1.0,64.86577595141378,63.60180790211261,83.40026306113305,71.24697897253535,3.243651353128585,,,7.275368822880417,4.2941728421683685,26.677615047384837,27.62781697528509,16.09079394604562,28.29686648880852,8.438932633493527,8.333333333333332
KOTAKBANK.NS,4135335755776.0,765436690432.0,24765500416.0,187974991872.0,0.01656,0.15905,245.288,19148812800.0,22.0,2.4603112,INR,Financial Services,Banks - Regional,India,320.99000549316406,8054233.26693227,23.529666107093128,9375313.333333334,-3.254526042669249,0.2424836153809284,3.4798593897321983,0.0,24.55787581411991,0.0,KOTAKBANK.NS,1.2049986978433207,58.31558781842553,0.0607285115287779,3827183.45216,200000.0,5.987986810796255,2917.723680631704,22.34451701622904,18213.945115116385,0.0041277587460148,29.858077448636543,67.82011165314579,1.0,57.19602816164027,1.0,9.706468289842864,5.600985160095173,46.26609531562893,52.44757385214448,0.7616894811612573,0.1311578442523106,8.019910706618326,79.375074225561,2.540145329369494,43.97809024782579,0.0,100.0,41.68249147807721,10.0,47.29200211446809,68.43277186833919,57.62846432292358,82.85881556271715,1.0,76.2818091517648,77.45384234362926,67.0840763008665,75.71511925735082,2.370848071892865,,,7.978901704034094,3.150362139248891,25.95957476897603,,15.157639960831949,27.36371234507471,9.80999769626856,65.83333333333333
ITC.NS,3967380619264.0,798087184384.0,269900972032.0,203762597888.0,0.10227,0.26993,1.2054000000000002,10372750336.0,19.4622,5.5839667,INR,Consumer Defensive,Tobacco,India,153.19000244140625,8640487.250996016,20.63677403082988,11077316.666666666,11.354450660328496,5.528783972693008,3.124130742135134,0.0,25.53137074181604,33.8184821549693,ITC.NS,0.9372058541261916,70.98251859967523,0.1101899460311215,3990435.92192,200000.0,5.801548336128938,591.4014703754827,42.38687619069973,3187.598419960721,0.0392816825561828,25.03844708476524,73.89769271616154,1.0,23.43358955090876,0.0,39.35264014236853,7.569808778027745,41.44096088052642,30.00555305392937,0.8457045358345592,0.2513389240454772,8.998719855693533,70.22951787749231,0.492520874676602,28.559632219803134,0.0,83.96141208790607,25.663965085920424,11.0,45.2038361354236,6.467579271717376,61.36101909172383,86.02467534470745,0.0,61.44005408213699,68.73786073242887,29.16571552787403,90.0,3.697656823613075,,,6.384184564455862,3.7701570034573426,26.04022141728604,26.321320958419978,15.199411287111497,27.405483682043766,8.06733673244555,72.5
LT.NS,5555819642880.0,2827686510592.0,333417840640.0,171246305280.0,0.040209997,0.109519996,111.847,7167499776.0,31.595087,5.480136,INR,Industrials,Engineering & Construction,India,270.010009765625,9494972.908366531,24.023168112561084,11077316.666666666,-0.5873748598488988,0.2424836153809284,3.4798593897321983,0.0,6.056056944026237,11.791188287353544,LT.NS,1.3218934143298036,90.94787671510474,0.181625964092279,14138432.55296,200000.0,10.3054206249971,16156.595500630992,60.92189520096033,97571.1549531861,0.0712740037016658,9.96534071051275,71.28524184912503,4.498460772430424,62.500938963726696,0.0,22.2163125706071,4.0686793775419385,39.18873216625934,21.47921917007601,0.9048577041794088,0.0,6.916966083821037,59.97076539292543,0.3382848308001157,46.35667102935298,1.0,100.0,35.26299258802497,12.0,33.548371092341995,16.196649407631362,84.98206319034652,62.34133562870941,1.0,57.169079944444405,64.47472023225974,77.87018224341611,57.26841820173215,3.144855159636963,,,9.690145527726484,4.125873836063731,25.866368738854543,26.532662317052186,16.464407431034335,28.670480005835667,11.48834743408528,77.5
AXISBANK.NS,4213857320960.0,768435683328.0,24765500416.0,262573506560.0,0.01563,0.13625,245.288,19148812800.0,16.106888,2.0341861,INR,Financial Services,Banks - Regional,India,320.99000549316406,8054233.26693227,23.529666107093128,9375313.333333334,-3.254526042669249,0.2424836153809284,3.4798593897321983,0.0,34.169874233693385,0.0,AXISBANK.NS,1.6004326678825402,93.75951877700452,0.0186002437222301,3842178.41664,200000.0,3.043333087532411,50.0,10.0,218.96534084753048,0.0075874313407494,32.770598050470035,75.59274764703984,15.105034349625248,62.98275593633355,0.0,31.711130194843378,6.954378053977918,48.06676221063216,26.05495650134712,0.803363289301924,0.1652612576125146,8.744737291196724,71.76689521824204,0.684330490996024,60.58343903958225,0.0,100.0,39.02778344059801,8.0,17.47329428826629,12.26697722655403,73.26577520972884,63.55819907598213,0.0,54.462504516755615,67.19757167648007,48.12563008656998,67.07529623130415,3.4877153929204727,,,3.9318256327243257,2.3978952727983707,26.293796904772694,,15.161550319981348,27.36762270524384,5.393469992339246,40.0
ASIANPAINT.NS,2325549678592.0,346495287296.0,58500173824.0,38453600256.0,0.06989,0.17979999,17.609,3498374912.0,60.48367,11.87237,INR,Basic Materials,Specialty Chemicals,India,460.1600036621094,2224021.8326693224,12.6813656874561,2352260.0,7.919976512938631,7.4305628138849,0.8527979460399404,0.0,11.097871072384976,16.88339667778083,ASIANPAINT.NS,0.7642041902095054,62.14667491655871,0.0019330504120641,1732476.43648,200000.0,6.763956608410541,415.68341275512114,140.09485380722424,2003.5647890868029,0.1807532263032319,9.473927436110426,61.01501561223941,6.216522182472853,33.37098596028612,0.0,94.28735682855783,9.361107353184586,44.37375507835783,23.84127051545178,0.986070185190877,0.5370715168023112,3.463817327907589,57.60284897174005,0.5694118588545899,57.44397226800241,0.0,75.97961445981547,29.78927581546131,9.0,72.66507142361826,28.239162762193036,65.82977332898902,64.08513090955691,1.0,71.25446741845289,46.077674455166935,66.34297630920804,86.07803168232918,4.556897134792553,,,6.0323267314329065,4.94943238623918,24.372718163287033,24.792295562547327,14.365062986284618,26.571135054609417,7.603182253379531,54.166666666666664
MARUTI.NS,4647498547200.0,1717736046592.0,195117498368.0,149315993600.0,0.07495,0.24327,1.2054000000000002,3732624896.0,31.141634,4.659414,INR,Consumer Cyclical,Auto Manufacturers,India,310.54000091552734,31056134.66135458,30.740285076028847,30603090.0,1.4290020984743135,-1.6559072262084973,7.781054892335493,0.0,8.692604075943096,11.358991898383598,MARUTI.NS,0.5856866190538675,94.72116064501238,0.1510056877070906,8588680.23296,200000.0,5.0067162074794105,868.9878238841961,386.9964138565679,1801.0804144253077,0.0146477324291847,36.162326370651776,78.44280033845985,3.761305542377333,40.71466402672668,1.0,1.1841463920900857,7.923988103196926,47.15943369574709,42.61401570074933,0.8433143078747327,4.4610579786105795,5.039713824092033,60.93701814537682,0.8860224883980743,74.90867607324611,1.0,69.57733469174885,15.351127931220583,8.0,35.6173298513901,33.988408186326296,52.57452707724541,77.58421042894582,1.0,71.30155597905696,86.03082731023889,56.91348762609814,81.14494581737243,0.7812250849815697,,,6.768479216015284,5.960996096942848,25.729330659672485,25.996867769784803,15.965955758654124,28.17202828775256,7.496697062269898,40.0
TITAN.NS,3609032392704.0,679039991808.0,65019998208.0,41289998336.0,0.08519,0.36639,223.018,-41766095216.64,87.21543,28.18039,INR,Consumer Cyclical,Luxury Goods,India,310.54000091552734,31056134.66135458,30.740285076028847,30603090.0,1.4290020984743135,-1.6559072262084973,7.781054892335493,0.0,6.0806430893800485,9.575282603735738,TITAN.NS,1.0911455786814628,94.88200768551178,0.0940833007719239,3395199.95904,200000.0,10.7788948378472,698.2355277484673,40.63211632519917,4593.447281427508,0.0962661058353697,21.74653765364129,74.27330435478049,2.501381269523345,35.4699967179936,0.0,1.334397209449561,1.0663241554159815,34.11489339388152,33.86313274437503,0.9189604528529004,0.3747949627203034,10.2614600679992,75.15353679746266,1.5789609199961858,70.07416441401084,1.0,69.00178521859179,33.02526322019141,10.0,24.943224062000475,53.19151311995585,75.44666502807647,67.98269318007495,1.0,79.0034816623086,78.41164104571058,62.218387594144005,55.49429764727154,0.8477537033819519,,,6.549987635047676,3.728871896455687,24.443886136568313,24.8979607242768,15.03787350987113,27.243945860869356,8.432603740596626,65.83333333333333
ULTRACEMCO.NS,3703193468928.0,857753780224.0,159545294848.0,76649201664.0,0.06989,0.17979999,33.192,3498374912.0,48.2875,5.141107,INR,Basic Materials,Building Materials,India,460.1600036621094,2224021.8326693224,12.6813656874561,2352260.0,7.919976512938631,7.4305628138849,0.8527979460399404,0.0,8.936037757126908,18.60036044450136,ULTRACEMCO.NS,1.216468751537843,85.067439891871,0.1202772090878001,4288768.90112,200000.00000000003,8.936875933855351,1118.8150798573706,731.9537122913956,6202.517252159712,0.0771155743859574,14.467629880676489,74.34333024114044,27.09613083150674,49.06784703134474,0.0,265.09517519523035,3.414593707874958,23.27227728416164,38.133540508621664,0.9092355534174814,0.078159946038594,13.189168724459911,95.0,1.133362088732112,57.20617968849885,0.0,93.45211355912322,35.22974205302678,13.0,47.53771327371192,30.9390575865512,70.87401476744272,78.28936503512114,0.0,73.00333848690998,61.81953231579246,35.489635622279906,63.79587849111599,5.58385404627184,,,7.020918843387229,6.597082551586295,25.062505026880576,25.79559369910107,15.271510513451812,27.477582925816034,8.732871708915525,85.0
NESTLEIND.NS,2522235273216.0,218577698816.0,47477198848.0,32616699904.0,0.10227,0.26993,10.753,10372750336.0,77.48816,51.24463454999999,INR,Consumer Defensive,Packaged Foods,India,153.19000244140625,8640487.250996016,20.63677403082988,11077316.666666666,11.354450660328496,5.528783972693008,3.124130742135134,0.0,14.92224507837688,21.72097112613789,NESTLEIND.NS,0.9307400878465693,75.50842884320419,0.1821116037350108,1092888.49408,200000.0,9.942411690525052,6700.622009386432,48.31930092119439,22848.05183359098,0.0501448827720153,36.158059573226645,73.79163630556477,8.533424765290427,42.585916265162695,1.0,24.59746341250008,6.819310140622623,22.313227881416317,48.768679829290654,0.8239813780794116,0.2675544405277208,6.343060589892199,72.7557713325077,1.0637679971017342,37.34716348458477,0.0,79.93795146829177,35.46181851261181,5.0,29.956561761788564,18.36050750029653,75.23544550288241,74.14644005121289,1.0,77.57745726920774,51.395652884498965,63.43420547897812,77.70236459798235,3.242493261127014,,,8.81010486703297,3.898315503848452,24.208090261179652,24.583515408506912,13.904335658735405,26.110407389264143,10.03666490021374,8.333333333333332
SUNPHARMA.NS,4083907821568.0,568090886144.0,160245776384.0,109152698368.0,0.05039,0.13024001,6.675,14302749696.0,37.343132,5.2459145,INR,Healthcare,Drug Manufacturers - Specialty & Generic,India,230.75,8826439.442231076,24.616073124928867,9692223.333333334,0.4003809259373714,4.672159078242988,21.68231133397212,0.0,19.21394992074066,28.207771026163027,SUNPHARMA.NS,1.4359781989963103,74.75344396556586,0.1623592288779535,2840454.43072,200000.0,14.429384147731266,842.429565903784,42.41089028619757,5652.00396066578,0.0191008697928912,29.58500190531561,73.61486278834148,8.589986464929707,47.647449606332586,0.0,0.3464121393556115,3.769484203874476,42.78727020369612,37.21127313439708,0.7688736681758491,0.1387097312282822,6.607143188983581,72.12726191870537,0.6022557125201433,79.51474629968477,1.0,89.3818150869939,21.712711926137228,10.0,20.544205633149467,12.15442654887457,68.17545811039987,62.74100422283891,1.0,55.341024175327874,83.32590873722654,19.46379069357947,53.372650224033904,0.29744338001217063,,,6.737476396310765,3.7707103378825306,25.416013641295056,25.799974575988,14.859474960210207,27.06554725368586,8.639942357305822,65.83333333333333
BAJFINANCE.NS,5995044012032.0,406392995840.0,24765500416.0,183010803712.0,0.0399,0.1909,295.6676499999999,19148812800.0,32.735916,5.8030663,INR,Financial Services,Credit Services,India,320.99000549316406,8054233.26693227,23.529666107093128,9375313.333333334,-3.254526042669249,0.2424836153809284,3.4798593897321983,0.0,45.03296207990079,0.0,BAJFINANCE.NS,0.5984182600830255,72.2787861533369,0.3242148211508191,2031964.9792,200000.0,8.871437523183614,424.1935945575253,18.957759181930737,2406.683103727911,0.0066738632883124,21.38445183133956,83.40316647568858,2.555078653340282,38.9444155281309,1.0,41.29582476947829,8.771801895386963,62.38131315102529,44.82266876342304,0.8952408158582501,0.689235626784541,5.205825182470015,63.29808226228538,1.2981909012109538,58.52052104918872,1.0,100.0,42.265978382726,6.0,22.52151354330419,10.72939818070911,60.91350737220489,64.33808084518758,1.0,57.81813350123466,89.07521220810546,66.58910046289408,75.11786118266865,3.744688375967273,,,6.052544581814165,2.9936179991467506,25.932811024728295,,14.524514345020666,26.730586498418955,7.786420196326585,20.833333333333336
WIPRO.NS,2542386020352.0,908918980608.0,168559001600.0,132651999232.0,0.06766,0.15195,22.031,110000873472.0,19.230587,2.8347661,INR,Technology,Information Technology Services,India,270.010009765625,23155561.752988048,27.901302630705644,29432836.666666668,-4.33112409349965,-11.880486753011754,6.856323084061522,0.0,14.594480043013908,18.54499743060117,WIPRO.NS,1.2078755869094833,60.2846224029355,0.0767730820276263,4544594.90304,200000.0,2.3856159966333665,808.7779798968605,51.09056341619685,5611.223035770796,0.0211624579709273,47.20512440781327,82.03376832873559,1.0,56.44504268352736,0.0,1.4182954717407414,8.792746897623593,53.23114104922755,27.1541536410152,0.7616894811612573,2.227096460059006,10.967411915756603,78.33859524580221,2.2984253844632,40.63077249553537,1.0,65.84139530759445,30.563897204004498,14.0,43.6736597857107,5.697100154065754,78.11803240151717,72.83464249752375,1.0,61.48252613120273,84.65448005203221,39.324616864191576,78.86929284176445,0.8830629414768726,,,6.696760111201752,3.9529838079051105,25.610994988905468,25.850551683317303,15.329449371418747,27.53552179690843,8.632702183086018,95.0
