ticker,market_cap,total_revenue,ebitda,net_income,roa,roe,debt_to_equity,free_cashflow,trailing_pe,price_to_book,currency,sector,industry,country,price,avg_daily_volume,price_volatility,avg_daily_volume_30d,price_momentum_1m,price_momentum_3m,price_momentum_6m,r_d_expenditure,r_d_intensity,net_margin,operating_margin,company_name,beta,free_float_pct,bid_ask_spread,employees,revenue_per_employee,market_share,scope1_emissions,scope2_emissions,scope3_emissions,emissions_intensity,renewable_energy_pct,energy_efficiency,water_usage_intensity,waste_recycling_pct,carbon_reduction_target,environmental_fines,employee_turnover,gender_diversity_pct,women_management_pct,pay_gap_ratio,injury_rate,safety_training_hours,employee_satisfaction,community_investment_pct,supply_chain_audit_pct,human_rights_policy,board_independence_pct,board_diversity_pct,board_size,exec_comp_esg_linked,ceo_pay_ratio,shareholder_rights_score,ethics_compliance_score,anti_corruption_policy,data_privacy_score,tax_transparency_score,esg_controversy_score,esg_risk_rating
AAPL,3968587005952,435617005568,152901992448.0,117776998400,0.24377,1.5202099,102.63,106312753152.0,34.135273,45.016674,USD,Technology,Consumer Electronics,US,270.010009765625,53615949.800796814,20.895073653359425,49629750.0,-0.6804883710801235,-0.4157070497765702,33.698225904929615,10887000000.0,2.4992137269307166,27.036822918891986,35.10009721696504,AAPL,1.3141953119864345,46.39837544998832,0.0263989218391754,2178085.02784,200000.0,0.9973396644226163,213.78009887586182,23.754484069105267,826.4511866618396,0.05117430869803117,41.739250141079395,89.9616391249933,3.9759775899772567,38.47226818484294,0.0,28.607855061537283,5.65628247804717,62.01108021395407,31.41497770983279,0.8487395138767677,0.08416743519186584,8.417617670595428,73.7636772180903,1.4057124277668143,82.66095523992692,1.0,83.28989248985305,33.53297948893769,10.0,39.70559547864823,41.02179772287164,50.810909037693044,70.71152483760984,1.0,63.271033504264174,74.26178828384131,77.50810137779465,48.281093618175156
MSFT,3143788658688,305453006848,175258992640.0,119262003200,0.1486,0.34390998,31.539,53640626176.0,26.526941,8.046564,USD,Technology,Software - Infrastructure,US,423.3699951171875,23155561.752988048,35.58192913045785,30412686.666666668,-12.458128408317904,-19.32395591512406,-18.93692933547273,8504000000.0,2.7840616426577767,39.04430486073013,57.37674493648467,MSFT,1.350876997728332,59.44079747668307,0.0014485861372039,1527265.03424,200000.0,8.105758620120083,95.11627495412942,34.56967230832371,466.9238750789613,0.007329516624205067,29.220625226289677,83.31290896776844,1.5183870921697025,37.751698556093686,1.0,16.33352394663396,3.9651038945787924,56.75399725343201,46.85485568772896,0.8220763783741791,0.3932288248766377,7.989587287047057,83.41841297083495,0.868433699763846,34.638213830953724,1.0,74.04841506771545,29.519429047634773,10.0,69.7242266360102,9.093600641145066,61.804427244766735,73.99651365087641,1.0,61.35829215060561,63.13716518610206,72.51832090192595,77.16596071342954
GOOGL,4162815262720,385476001792,145174003712.0,124250996736,0.16275999,0.3545,11.424,47997751296.0,33.894478,10.729248,USD,Communication Services,Internet Content & Information,US,343.69000244140625,36724015.53784861,16.706459009181778,29106890.0,9.80511260108825,22.1808974833545,82.00306682806959,15151000000.0,3.9304651728164814,32.23313414022721,37.66097060183135,GOOGL,0.9311827767795916,96.40120866167568,0.144542199633491,1927380.00896,200000.0,5.301832153057344,1390.8566668650292,30.58717448575333,3929.3448657242266,0.013303211397676257,40.625148907818684,85.64256509726675,1.0789501694024588,52.61954771348851,1.0,6.9219261359475786,15.131726483721584,54.902636189193224,39.380386438977425,0.872288927126323,2.166132569396613,9.644102113777862,83.97058347478426,0.6953163121716821,63.98802464213661,0.0,71.11459618404838,23.093050623497756,5.0,56.227765228522216,19.68328699031479,77.80675398771733,81.58413836213299,1.0,74.21088355517148,95.0,40.923444928332195,78.33611812369705
AMZN,2597294964736,691330023424,139696996352.0,76482002944,0.07495,0.24327,43.405,26080000000.0,34.36492,7.0246043,USD,Consumer Cyclical,Internet Retail,US,242.9600067138672,45166440.239043824,24.96577729106225,39010920.0,5.259509143241692,9.019117853570544,13.136208015770512,,0.0,11.063023498560366,20.206991106810698,AMZN,0.9869569150558412,51.4667714640844,0.0977483083988966,3456650.11712,200000.0,8.570960609758247,839.0484164687513,10.0,4925.734559159981,0.020221081628787305,42.182701718023,77.2425443190734,5.883550781239426,30.885037081862073,0.0,58.5363502326932,1.079655677826823,42.26014966004557,38.386703462461526,1.0043220348560993,3.868741164110655,12.266341888678772,74.05121271528387,0.5984138180306202,42.995947674134094,1.0,64.02280027175,43.57266375643137,14.0,27.379307904032522,6.6716319864854245,54.34609952101853,75.6503526720866,0.0,71.56543141094652,60.858977216987554,65.26931940960196,80.84200679797374
META,1786903265280,200965996544,101891997696.0,60458000384,0.16212,0.30238,39.164,23432374272.0,30.034437,8.226792,USD,Communication Services,Internet Content & Information,US,706.4099731445312,15676579.6812749,41.17973909091541,17058823.333333332,7.017216501470425,6.079209968043764,-5.672823401782045,57372000000.0,28.548113107004564,30.08369645795436,50.701113346650914,META,0.5406677492332834,79.07022771675737,0.1436756945909421,1004829.98272,200000.0,2.811961728254741,776.8886688005788,45.838426474412465,3129.284982405753,0.013414657156079708,34.78686771498376,70.90470266330306,4.009742235491638,73.13799763959865,1.0,22.34081325365438,1.972290265539642,38.8844189023553,26.389311052770335,0.8990718424254273,0.9602196186564929,14.072589893481156,86.2645669702742,1.2558517501634108,69.93833176745598,1.0,77.58573277776725,26.44282579716532,9.0,28.80085838931349,10.646125103066433,48.814055842110896,68.56870935895901,1.0,69.85274098490716,95.0,30.270345235752842,57.735027145149
TSLA,1582813282304,94827003904,10503000064.0,3793999872,0.02095,0.049250003,17.763,3732624896.0,383.46362,19.26337,USD,Consumer Cyclical,Auto Manufacturers,US,421.80999755859375,96602705.97609562,36.51479286099544,65059006.66666666,-6.206084582929716,-4.1558755490269,39.381419804005006,,0.0,4.000969888114287,11.075958990155296,TSLA,1.1542764268053505,78.35037766885374,0.0039716373327664,474135.01952,200000.0,10.258301495499015,1236.8363861996684,39.50572966951306,3154.9153213025547,0.020746861421693456,20.08779503615994,60.55688200327568,3.41304051731818,52.022416752368926,0.0,41.967028497891846,3.664562591902344,70.0,35.68371697058318,0.9240843006829154,2.8204698263267267,12.261187096769481,78.64600327858118,1.3856267768293737,55.562257003088035,0.0,86.87017418633458,35.653877216102174,12.0,18.59548403649612,12.209450317591815,61.33413630900368,80.02011093846694,0.0,82.83060296954847,72.6929317825844,54.39783430648026,69.5676028057981
NVDA,4519046938624,187141996544,112696000512.0,99198001152,0.53528,1.07359,9.102,53282873344.0,45.829628,37.941536,USD,Technology,Semiconductors,US,185.6100006103516,209946275.69721115,27.901302630705644,160173326.66666666,-0.4772114689803985,-8.511838159535234,6.856323084061522,,0.0,53.0068092592338,60.2195138414607,NVDA,1.171617232514243,83.16648992310986,0.18147392606929,935709.98272,200000.0,5.984236459241293,425.11379123921,34.170235138562695,1799.1276956439624,0.011659279243527658,70.05705917569021,99.0,1.9044464570969692,53.61883668579318,0.0,14.074149795135089,5.680795859621585,41.38706567747199,32.81855491482604,0.8100833721964136,2.9669723831882857,8.442489912481795,85.46954875492455,0.25032953643632516,86.41115140104954,1.0,98.35412098057375,29.24751011279113,14.0,33.614073658160336,38.20821103600869,73.55517745130749,67.36275447196026,1.0,62.20035911716928,66.057340912912,66.11324045060228,70.73843114185837
JPM,838837927936,168235008000,,55680999424,0.01354,0.16134001,,,15.3839245,2.4264712,USD,Financial Services,Banks - Diversified,US,308.1400146484375,9494972.908366531,23.68722524874099,11143650.0,-3.938315828650341,0.0290662021886323,7.486884738243527,,0.0,33.097153848026686,0.0,JPM,0.9813426949002066,80.60911488066658,0.096633796091396,841175.04,200000.0,5.21724907323416,160.7667569217846,10.032271863442357,402.0783503893073,0.044339306681528405,36.20104734941489,84.27870761868365,5.226212450508281,43.62148523485619,1.0,10.177576640594314,6.772769992251389,49.71126344388803,27.286844149148283,0.886354255996882,3.274720209102377,11.831847282506445,58.75956877687373,0.35659211629645554,55.69185640379885,1.0,93.79412209110731,41.88158427945813,13.0,29.398449005502982,63.39618829080336,60.77960027590605,72.0671674128292,1.0,60.59274382500497,48.69156188490612,74.81894992171154,64.95820797238956
JNJ,555944837120,94193000448,33059663872.0,26804000768,,0.35557,57.766,,20.920218,7.003673,USD,Healthcare,Drug Manufacturers - General,US,230.75,8826439.442231076,15.898432500573634,8805370.0,11.500364050602109,22.832626929175383,39.79535107302485,3672000000.0,3.898378841883434,28.456467721078027,35.097792526792745,JNJ,1.3373060079611507,73.55858533055658,0.0828727186074252,470965.00224,200000.0,7.12539762869686,90.0854769033666,17.647261963098998,425.153460838699,0.11900050742327274,12.837314363451265,61.681687524778546,2.961273520994904,61.03132397424813,0.0,2.591204797395562,1.1868341171294854,44.29584920160589,32.72015035646941,0.9658970881924734,4.128959300831557,12.030944491368116,65.36677389544133,1.5843919493790524,59.424587415070846,0.0,100.0,32.53143628642529,9.0,46.14246553822598,33.058540548433186,50.37691861349771,76.85491809975204,0.0,47.790629951172534,80.66515232847763,69.12207617161032,89.03646180978524
V,642048851968,41391001600,28987000832.0,20592001024,0.18364,0.53954,54.612,22032250880.0,31.34648,16.663671,USD,Financial Services,Credit Services,US,333.8399963378906,6613493.625498008,23.372106965445266,7606976.666666667,-4.810240805286082,-3.051545726613858,-1.2553949840526712,,0.0,49.749946191203065,70.0321318921647,V,0.8997768307060179,71.64278904774068,0.0979800577252185,206955.008,200000.0,8.961375907096592,364.0549864082534,263.9547072478484,2643.010665219688,0.06082830045046249,33.120140646596084,75.36938224636394,9.826397330322697,61.809058555619934,1.0,2.1991882684241797,1.6669887946901683,48.301545820494354,11.835042976500285,0.8159299852770076,0.9730904753530853,11.336114102160339,60.13803440547391,0.7097411623726181,66.1125884588855,1.0,92.02506432138253,36.60720637625286,13.0,77.32617065301426,31.44313161817142,58.254460920686014,83.4711522189782,1.0,64.97617509711297,64.64072059844577,75.8184886783074,78.46859698223277
WMT,989111910400,703060967424,42713001984.0,22909999104,0.06539,0.23661,66.747,10372750336.0,43.226482,10.292019,USD,Consumer Defensive,Discount Stores,US,124.05999755859376,21146806.772908367,20.64120747997829,36926976.66666666,11.354450660328496,21.601180715380952,26.51359215747296,,0.0,3.2586077403701896,6.07529132793412,WMT,1.1693817777680802,86.65035948655955,0.199829111693322,3515304.83712,200000.0,6.077212472382778,828.476862719805,28.899080356440777,4313.49877185589,0.06535980712693266,27.322582534807644,66.582511582614,2.2810778460199708,34.92873521720181,0.0,40.74218119342699,4.765466248580427,34.34462939161686,38.65941268337171,0.8599944821895319,0.6941444815754441,8.41200765384379,70.46142764862003,0.6269335761421052,64.5837821799502,0.0,89.18140514559825,23.906037782339208,13.0,7.84664682981899,7.150420336370428,67.70319135115025,62.74991332541924,1.0,62.002594868517775,29.839507182747322,76.03304646520836,79.5371333976675
PG,357964185600,85259001856,24764999680.0,16161999872,0.10898,0.31562,68.719,13253374976.0,22.661242,6.8105636,USD,Consumer Defensive,Household & Personal Products,US,153.19000244140625,8640487.250996016,18.28620689551126,11077316.666666666,7.653099466198476,3.1405627729865992,3.124130742135134,,0.0,18.956355950890856,29.04678584183682,PG,0.6941006983923653,83.5835392715117,0.0884153960691944,426295.00928,200000.0,5.579655163963889,9079.265458136684,306.58608756134225,38792.39423199697,0.1707139689908599,37.30668728704364,68.59501186659516,1.2562392512173552,51.088035723589485,0.0,14.034923812767682,4.986528150573874,47.91362962086527,46.686591419666705,0.856884661058765,1.208362740679671,9.628527996618745,75.44665430119083,0.9510127639166739,54.664064064270406,0.0,73.99337754836704,39.81988811857127,8.0,24.30835265394861,8.074303545292175,70.01291198843913,98.0,1.0,46.86793268053735,48.59379952074072,65.42089603527717,82.32979104055991
MA,496188489728,32790999040,20544000000.0,14968000512,0.23719999,2.09915,245.288,16265374720.0,33.6792,64.17494,USD,Financial Services,Credit Services,US,555.3699951171875,2882343.027888446,23.77941379696576,3727940.0,-2.570736256688156,0.4559010285732245,-0.52716595877913,,0.0,45.64667424051744,62.65133909137524,MA,0.9929343547377284,72.28358429023517,0.0869765940983819,163954.9952,200000.0,4.336655700127051,728.3148657183414,125.55731655154702,3517.3654220759377,0.0036240345579110506,33.8718963316393,79.44645353106543,2.4240049609941297,57.77541447066139,0.0,2.258373696212889,13.634266310613983,41.025580840074355,43.05005625908344,0.9224444648956419,0.7403759563460444,10.177811758579232,71.5431430535271,1.5360241438917324,39.469382465806135,0.0,89.28183819150429,22.761682181959554,5.0,39.554503148943546,20.98767664241796,41.73126491680404,87.82481917452506,1.0,78.79405518725545,79.85544367540469,78.27793868723784,75.21895636656487
UNH,258698444800,447567003648,23324999680.0,12056000512,0.039,0.12538,77.08,15929249792.0,14.88223,2.5965323,USD,Healthcare,Healthcare Plans,US,285.5899963378906,12085127.888446216,62.75917561375224,9692223.333333334,-13.486410890073108,-16.603293266158836,21.68231133397212,,0.0,2.6936750059174908,5.2115101180123,UNH,0.9476937226291492,90.34829823865267,0.4675502210787052,2237835.01824,200000.0,6.166286416465322,2992.956033020651,24.527534814640504,9659.0699109311,0.04073980239688858,13.452178599494662,74.30504487758904,2.9532304731688597,34.84822324250242,0.0,14.284107128230351,16.063547871177104,16.670687586156557,29.94461760032089,0.9521306994288358,1.1694117845322687,13.59829301562451,74.78891762754306,1.3503995130509245,38.05873635128733,1.0,92.38110885079233,32.90124609906415,12.0,61.628465445667864,21.92255105783688,75.5091994867843,76.31009231736714,0.0,68.88660829134957,65.25365898860473,24.82900537050425,77.84353648521156
HD,376422793216,166189006848,25586999296.0,14581999616,0.13226,1.62909,544.586,9733999616.0,25.775051,31.051983,USD,Consumer Cyclical,Home Improvement Retail,US,378.1199951171875,3789825.099601594,22.60756950523253,4381966.666666667,9.886657486265094,0.2675774252860918,2.4259017689004736,,0.0,8.774346686683678,15.39632481190673,HD,1.0675923766122826,78.2597292207018,0.1413584028119699,830945.03424,200000.0,9.56529281181934,766.2549540912606,151.56236482658724,2053.1251898850733,0.04164543078275473,27.365992903713163,49.368590132911834,27.286900944177734,33.86428918034011,0.0,0.1857113626537154,3.075942284975028,19.232257573229635,21.255410552718935,0.7653444859555468,1.2775089516655656,4.643087455923491,65.32034905883823,0.36342155297062645,59.66365328461836,1.0,73.92786106635549,47.4312311975409,6.0,47.34217194194351,8.287756232698202,65.60838941068609,72.08255980953368,0.0,65.56715150295535,60.138123693349954,56.23837978831249,80.79657679412004
DIS,185230262272,95715999744,19256000512.0,12252000256,0.0435,0.12024,40.909,3158249984.0,15.3829155,1.7360879,USD,Communication Services,Entertainment,US,104.4499969482422,9995197.609561753,29.63456078149706,10757583.333333334,-8.191966221168222,-5.975772800761947,-9.80641986272468,,0.0,12.80036805630087,20.1178492242694,DIS,0.8891419213499925,72.50384020083948,0.0583922988334589,478579.99872,200000.0,7.944590487442976,242.67319526698148,15.772859339571184,1614.5449791009535,0.02710592342516713,37.77931177023493,46.838958222213435,1.0,23.52249519129959,0.0,4.217575169023887,7.608823747485987,51.148850715017794,19.97134033084753,0.8261676320136897,0.15478360329951063,7.926025442717474,74.83153281930996,1.7068891352052347,41.6703943241758,1.0,85.5862035540107,32.005100773707454,7.0,23.710576083011226,20.29552473208525,68.13882344750542,55.067338252902104,1.0,55.79360537775428,82.44729653160059,46.203990989272825,90.0
BAC,394553851904,107421999104,,29055000576,0.00915,0.1019,,,14.181102,1.4055305,USD,Financial Services,Banks - Diversified,US,54.02999877929688,39981033.067729086,21.90698688871684,37561490.0,-1.763638583096594,2.415198905943017,19.60766944139756,,0.0,27.04753292467641,0.0,BAC,0.9605582212984995,88.98004461230468,0.1228938537656217,537109.99552,200000.0,4.98975137974007,50.0,87.34528898935355,347.5321994267979,0.011476686031469669,21.00927982786803,60.71834773136209,6.120930581328437,28.975219050641527,0.0,3.717510362502732,11.941777663100076,48.96094219770056,36.571268110855904,0.8733550472015418,0.20102392751207068,13.696196820471016,42.62973350004533,0.9330572303449259,34.49433965544904,1.0,100.0,40.03522420541836,9.0,62.36594901414634,31.23349023972878,81.54986764790773,78.22597482413043,1.0,87.24640134199052,87.05741952891708,39.458581614715634,85.30042189503209
XOM,583655686144,323904995328,58891001856.0,28843999232,0.04814,0.110810004,16.329,12923750400.0,20.656715,2.2297764,USD,Energy,Oil & Gas Integrated,US,138.39999389648438,16485546.613545816,24.496215179456936,18869436.666666668,15.00747723797904,21.728586398452208,28.520290707914377,,0.0,8.905080084606704,18.18156641775915,XOM,1.247814151432452,85.61213271646322,0.0493035595048108,1619524.97664,200000.0,9.694904821667128,94.06915228802401,146.6207622436619,528.5663504054677,0.17507496575983256,5.0,43.6054596654945,8.805522157344534,20.926655833304693,0.0,52.88573094083263,1.4300110806283683,29.47477997836908,36.00278891468092,0.8142053521633558,0.6409059560261888,8.605024536613405,57.47166485179426,1.3263198622343904,77.39647872832681,1.0,83.07751935455475,23.750239213561276,9.0,49.98185413667422,23.90305618364171,89.55045541793221,77.91620680950868,0.0,81.2337814612773,73.56546157600732,61.87979890636938,86.16656258870292
CVX,347947499520,744123990016,152239996928.0,49195999232,,0.28639,21.239,,26.248869,1.8458064,USD,Energy,Oil & Gas Integrated,US,174.02999877929688,9207368.924302788,26.533571552698792,11401353.333333334,14.18541735955776,14.625876423033212,17.524841756841948,,0.0,6.611263699607668,20.45895562710276,CVX,0.8689707288285348,74.14824163222777,0.0259905391204174,3720619.95008,200000.0,7.736760090461509,4088.8474441991593,140.67967355984865,9261.2093110156,0.05490313786344611,22.819134033518367,47.117355248330476,15.442934176944338,22.62101777374607,1.0,82.16563069332379,5.557930528977296,12.787585573368238,18.233379135420083,0.9534828322701937,0.7775208149466206,10.847217488056202,67.77036089244022,0.06923112672117099,53.55724340000505,0.0,89.88591121444182,28.846132926135486,14.0,66.61586024647029,5.0,73.89084619291084,69.28086628928241,1.0,95.0,51.2444358389496,64.28319428452038,90.0
CSCO,318616272896,57696002048,15676000256.0,10328999936,0.06646,0.22418,63.228,12405999616.0,31.135136,6.7747626,USD,Technology,Communication Equipment,US,80.63999938964844,20989872.111553784,20.023156947823235,20396920.0,5.246667317883569,11.193944198127516,21.53337714967205,,0.0,17.90245349652966,27.1699939329564,CSCO,0.5180268697783963,58.1990297481072,0.0908451233418831,288480.01024,200000.00000000003,7.222841674078834,564.7727891954336,29.368576034996494,2135.9804359978107,0.017880779121820702,25.886957125804123,71.45260567679787,1.0,41.46678888180435,0.0,0.9229873046344506,6.506517829754582,37.66592958334692,44.62043065244183,0.87218040495599,2.1258818894564686,8.325766306888301,72.5486687029846,0.8912175169089843,48.4790377063014,0.0,96.35861684572782,30.967400570076357,14.0,33.628121662099986,29.219923688407352,74.69827732990555,60.50824938675952,1.0,74.25776835892383,72.47169440300907,47.03708955826756,73.5815271376047
PFE,151580966912,62784999424,24458999808.0,9797000192,0.05189,0.105979994,66.531,14302749696.0,15.5,1.6334784,USD,Healthcare,Drug Manufacturers - General,US,26.65999984741211,52096455.37848605,15.773969546797556,46395473.333333336,8.8617773026193,13.560674835929309,17.428224794172166,2546000000.0,4.055108741510594,15.604046001241228,38.95675723881647,PFE,1.5248751712616262,83.67548681223565,0.2633621504116234,313924.99712,200000.0,10.729493355200328,538.9308390511421,171.88776537191134,2342.742379573113,0.02584551446060621,20.011075688802254,72.51847696344362,3.6751564822550975,50.09017771902146,1.0,8.736613512459268,6.093226919715644,43.421289208710334,42.874947684172554,0.861512618483739,0.7570420909113444,9.961668610795973,91.58809316605542,0.8922555440256955,55.43408419351351,1.0,78.78439860764198,21.84882987406624,9.0,11.801277592429553,33.74957788305942,62.35611957683244,63.16441012720733,0.0,70.62407970647482,55.59991781508959,48.98313874419816,69.40486746197205
ABT,190423629824,44328001536,11492666368.0,6524000256,,0.13158,25.31,,29.411291,3.7337475,USD,Healthcare,Medical Devices,US,109.41000366210938,6914491.2350597605,32.900165216933715,10002463.333333334,-12.232242813682204,-11.795762790520016,-13.227112910314098,,0.0,14.717560074756989,25.92642566723088,ABT,1.414436223607146,45.99461084703485,0.2647042405865561,221640.00768,200000.0,8.277309695072029,705.4452744948524,10.0,4094.4285125161477,0.05426787916781218,37.54756126913208,69.10003759875661,5.787815447698709,36.67218566617394,0.0,98.89863833302996,13.457365729120983,44.15545829890508,37.88512348377426,0.8459539323945836,1.1415909951213123,7.588335441732384,72.25700304567141,0.5898816728456603,57.52237512256205,0.0,88.03812493466876,26.993556901496344,11.0,51.29334674929018,18.349577954944397,52.100779397732566,72.38952272609703,0.0,80.19096458445681,74.01128577912455,62.20369288690493,69.95576705063742
COST,429910884352,280390991872,13125000192.0,8302000128,0.08524,0.30325,26.968,7170250240.0,51.81166,14.18593,USD,Consumer Defensive,Discount Stores,US,968.3599853515624,2399072.111553785,20.63677403082988,2759610.0,12.44785710195202,5.528783972693008,1.9458605724684164,,0.0,2.960865494491317,4.680963573177712,COST,0.6123211914683144,66.79136732703374,0.0418406403770263,1401954.95936,200000.0,9.34257325103661,1464.963230588646,69.55703562250996,10465.932522914925,0.007953900103802272,29.30103631819127,81.69747807643148,2.042128940476885,36.260919258468746,0.0,43.92498630166421,3.788431915412242,27.779449239773278,34.95478954544556,0.7744350937844466,0.6807768979100969,9.784587982663865,69.87024099549869,1.2799108328143953,50.48786531673001,0.0,78.89169815724888,42.03849513721904,12.0,8.805518397734978,19.68169001912121,61.37232416901108,47.26120673371044,1.0,78.48225826958793,45.09556580904908,59.04619017929107,68.36559806388084
AVGO,1569883029504,63886999552,35002998784.0,23125999616,0.09788,0.31048,166.032,25044125696.0,69.41509,5.5910907,USD,Technology,Semiconductors,US,331.1099853515625,26191962.151394423,32.013297142671746,29432836.666666668,-4.33112409349965,-11.880486753011754,15.13023152613231,,0.0,36.19828725432142,54.78892267512072,AVGO,1.2069123415735583,76.05940864074756,0.0750093192487072,319434.99776,200000.0,10.062940979217334,239.55307867734456,530.0618117919598,1488.7720354956707,0.01955795434507153,22.97209118864614,67.37495643147855,3.6403945770906763,10.922133232295337,1.0,8.634957821673652,3.183200123579228,38.51703111238923,42.09841059491775,0.9509548805610202,0.0020957467360321128,10.51158420728192,81.34961198511107,0.759195809728279,57.04501327357046,0.0,100.0,37.13887652129312,14.0,22.670160887560556,33.792039600326184,87.4082360235129,70.01696505448554,0.0,93.36387799069685,57.698598843960056,38.021971007640396,90.0
NFLX,351058788352,45183037440,13659992064.0,10981200896,0.15251,0.42762002,63.782,24817524736.0,32.711464,13.128173,USD,Communication Services,Entertainment,US,82.76000213623047,41064494.82071713,18.411775443625107,45896266.66666666,-11.732081643958724,-24.003672197779125,-28.56896107349387,,0.0,24.30381293108568,30.232566994061745,NFLX,0.849107568834597,85.21784760697787,0.0237795238187563,225915.1872,200000.0,3.620806829479818,76.70917354672788,156.3097448039307,403.0968739701906,0.012678524460769808,33.27177358552977,61.6291945424591,2.2994696353312887,26.93333737617658,0.0,4.784864912809785,3.714436815569193,39.51515130066862,43.07472193008122,0.9052686684594301,0.6878841955904473,10.480733652593024,93.71144010076809,0.551984056524251,70.87288523789454,0.0,89.33233033449618,22.371348086246105,6.0,12.47441719822114,27.567645669790405,71.28560153127135,69.0851002100651,1.0,73.12320185513317,56.44078501870841,68.06595103019843,60.79439878538248
ADBE,122808868864,23768999936,9242000384.0,7129999872,0.18221001,0.55426,57.266,8805874688.0,17.57819,10.424618,USD,Technology,Software - Application,US,293.3800048828125,4033382.868525896,27.382091578441464,4422480.0,-16.17474411586827,-13.51844908375296,-15.646919154738514,,0.0,29.997054529841872,38.88257986825214,ADBE,1.079046164599318,75.66335980084688,0.5433246192014817,118844.99968,200000.0,3.52032627523583,1472.3999320304918,10.0,5817.658834829575,0.013698736277462199,43.56884725261821,77.48917950148152,4.762392153913999,46.63777051244901,1.0,35.30819768244315,1.97962760542012,29.48804029093189,31.96482652151355,0.82855196069771,0.007360728009482738,10.317697524962586,82.80955201093062,1.4643389840756282,56.07620627649457,1.0,93.61685114981142,34.769908917156236,9.0,24.602507981860146,18.82953666048656,61.53483756551845,73.09291752530913,1.0,78.39593209642979,68.19732713846989,57.855101959726206,57.205221054767684
CRM,200691122176,40317001728,11800999936.0,7222000128,0.059499998,0.12184,19.385,14523750400.0,28.183155,3.3085363,USD,Technology,Software - Application,US,210.8099975585937,8021454.581673306,35.652232926546425,8423600.0,-20.422032145120404,-17.728313980091837,-15.642518511833646,,0.0,17.91303871434554,29.27052962820956,CRM,1.0882672387040482,95.99547360351,0.3969541312324312,201585.00864,200000.0,11.174011366693872,664.1865089568222,13.59505118074907,3096.7704719660087,0.01709726700552926,25.363980413911207,73.37688679782565,4.852000800660832,36.51305085433408,0.0,19.238697111018833,8.052956422250585,45.54248389462509,47.96078526253783,0.9360921213892266,0.21293199801802395,5.476017254263368,79.47382121382168,0.4029135965986801,60.769734871947385,0.0,86.34762950015882,49.600659167716096,8.0,29.697195631501746,17.973706325358425,78.07880096045449,69.08574483313265,1.0,79.15511541009039,42.977942426715344,69.52113373285506,90.0
NKE,92050235392,46513000448,3808000000.0,2524000000,0.0502,0.17950001,80.099,2576624896.0,36.36257,6.5328856,USD,Consumer Cyclical,Footwear & Accessories,US,62.18000030517578,16945829.083665337,43.037289413804615,22195260.0,-2.401504946293065,-3.5793918777030864,-15.703326189024711,,0.0,5.426439867756432,8.186958405870245,NKE,0.9296776599051034,55.38654888838457,0.1048420049886096,232565.00224,200000.0,2.343621738276884,50.0,212.72242171490421,233.32583582536043,0.24021032660513178,26.8374021407755,66.31006704380954,9.280837079558799,29.748491798920803,0.0,27.76152782630037,7.4922014143491324,44.54088567923989,22.395363175362586,0.8455008476020192,0.4414783192814175,4.314261660925582,84.34700139066167,0.7033577543203207,57.628884827708276,0.0,63.63302882312067,44.75815209731916,8.0,20.133055041449868,10.009572718890892,53.78873149648996,80.2090073193431,1.0,57.990640650490825,74.2747490900347,53.88268302646551,55.571684543092296
TMO,218575683584,44556001280,11152000000.0,6704000000,0.05039,0.13024001,73.566,4364624896.0,32.79425,4.0952125,USD,Healthcare,Diagnostics & Research,US,581.77001953125,2304277.290836653,24.616073124928867,2237946.6666666665,0.4003809259373714,4.672159078242988,25.84875643133828,,0.0,15.04623352053194,25.02917604728105,TMO,0.7648703003240811,59.333257311234654,0.1631755403706576,222780.0064,200000.0,4.0887673348481846,1501.549005776904,13.929569040967136,4637.729435106846,0.1308734539421627,23.82893830663408,66.3175940339693,1.7366297807846365,55.31120690919764,0.0,1.3314914783959837,4.420331958552592,47.83298029036388,30.96058189117465,0.8870834551428823,0.14831409418015576,5.093486820500766,83.42195222897942,0.40830314602133844,49.502834332968845,0.0,97.72516279941108,33.115819693647175,5.0,20.61564696064711,12.568005247771756,95.0,52.57815751176333,1.0,53.43918025378577,50.39929623265843,70.9749642542375,85.16153436878474
LIN,215773413376,33504000000,13150000128.0,7093000192,0.06989,0.17979999,64.673,3498374912.0,30.75936,5.5642753,USD,Basic Materials,Specialty Chemicals,US,460.1600036621094,2191241.434262948,11.418189463218042,2352260.0,7.919976512938631,7.4305628138849,0.8527979460399404,,0.0,21.1706070678128,39.2490452722063,LIN,0.7928376843051221,68.40744140210401,0.1255617603584788,167520.0,200000.0,6.632398235921046,268.26997088168105,88.39083927882706,1254.0938358010692,0.5675004358426551,15.422542015382248,52.06228708780354,3.550925941041654,48.13447621588736,0.0,185.14308093358838,12.239694115962862,23.86549915331937,18.399859826319926,0.7814295234317964,1.7529768292750136,13.399864809226305,65.03408222054848,0.739694467218594,34.65626297584163,1.0,61.9274476917322,26.038613422034512,6.0,47.239298016107675,31.39540454135008,66.51206469694893,75.88755992446369,1.0,54.3519168830476,46.77561398325955,62.39173184993456,90.0
ABBV,398792654848,59643998208,29518999552.0,2348000000,0.09585,1.37961,,20799000576.0,169.65413,-150.92976,USD,Healthcare,Drug Manufacturers - General,US,,,,,,,,,0.0,3.93669115174285,49.49198651816846,ABBV,0.7251424253556273,71.44191806692407,0.0899330913689018,298219.99104,200000.0,8.576422987427375,295.39419667632177,10.0,860.9252282627208,0.07883900133334162,25.56259493474211,85.1738760702688,6.569857978711367,42.82863908589944,1.0,52.47266204806017,5.619161532218557,33.50253898213431,15.437946268967035,0.8945593928838781,0.4158074311065991,13.989357908016975,61.56280564759199,1.2640472530763427,50.40594710465355,0.0,89.10369511215805,31.85463486838052,7.0,16.036348178236697,24.734831852400422,73.73740516968671,66.27597865772974,1.0,74.74725787407054,63.30338450151319,23.447155411244037,68.98087812073541
ACN,165446860800,70725558272,12458010624.0,7611100160,0.11125,0.25016,25.694,11122880512.0,22.030554,5.318568,USD,Technology,Information Technology Services,US,,,,,,,,,0.0,10.761456460660003,17.614580822520114,ACN,0.7504533375308666,76.15363433730968,0.0054823726391967,353627.79136,200000.00000000003,6.647124284228197,1774.6764688734256,11.371558641888996,8641.616941655362,0.02638255283379475,37.0143387566233,84.06514761862712,3.7643528836975726,39.765969302669966,0.0,41.76644801627986,9.54435650203688,26.579238483117347,49.62079976579709,0.9330791543441515,0.18292401857023696,3.161001408342255,75.807523605295,0.3513400233111502,75.98551336380025,1.0,80.39765790436991,30.46799513513653,5.0,33.217210051402105,42.933109365783494,50.78122437860116,47.46078865098045,1.0,78.61183893487129,61.07238778716291,86.42958936487247,42.37597877213006
DHR,157935583232,24568000512,7136999936.0,3600000000,0.03641,0.07053,35.055,4317624832.0,44.417492,3.0063512,USD,Healthcare,Diagnostics & Research,US,,,,,,,,,0.0,14.653207118917209,29.049982852751903,DHR,0.9798465129851934,98.46940487010268,0.0606537178790451,122840.00256,200000.0,7.303249496749211,2458.089351637443,111.12606489271315,5078.873705037814,0.018835084635088737,5.0,62.437944357451286,6.559919828634362,23.012936104049384,1.0,8.28056885550898,7.539437955543189,42.090610028443756,45.76571501664491,0.8479029298881121,0.013232316086623827,5.617350112724409,70.43521685635093,1.7760285804190565,44.7620303684255,0.0,58.95989140548799,25.847418090720666,5.0,46.695110662435425,14.82320899812595,76.50715040565558,64.39547450165048,0.0,37.01943714485422,60.040377168419596,49.08974232611231,74.57873946545988
VZ,188120367104,138190995456,47608000512.0,17173999616,0.04636,0.17069,171.781,14933125120.0,10.987685,1.8008963,USD,Communication Services,Telecom Services,US,,,,,,,,,0.0,12.427726972607417,34.45087022848633,VZ,0.7852720032667745,68.95631247441388,0.1123272780939131,690954.97728,200000.0,4.834102912689911,808.9036780208783,96.09846046080793,5510.885508375829,0.06647393435769136,5.0,67.39618582455391,4.676803911988701,35.895631550781,0.0,71.31912149541752,3.146121870353717,34.021425483714836,32.38032816149994,0.9178955742601668,1.5104871185056776,8.187132190979415,59.07770906105839,0.3863634125825851,55.00633242324904,1.0,83.6962413475222,24.137060674089845,6.0,33.843268406595705,10.145302315098515,71.71051280549409,77.56820840774998,1.0,64.07555809726745,46.327862089684494,27.880000418610827,82.95776076953409
WFC,289643331584,80041000960,,20284999680,0.01047,0.11732,,,14.739615,1.7345941,USD,Financial Services,Banks - Diversified,US,,,,,,,,,0.0,25.343260874682592,0.0,WFC,1.204615619713786,46.603409604274354,0.1131750175097632,400205.0048,200000.0,16.07443205088236,236.07434115012592,15.969873726036495,1728.4299510995188,0.005110718140553439,40.87121590441716,74.81115212684031,2.8919345582259486,55.480460123802565,1.0,27.677266306101775,3.3529097889703,59.49494936108124,40.55215871473688,0.8521218160246039,2.7707993880074326,8.999219879381604,65.04696945976663,0.42316338759904903,59.13570383468966,1.0,100.0,19.8275772311777,7.0,31.290834724019202,10.124464720110247,54.8821442468152,71.17106586762901,1.0,74.95972600240455,75.04297203576498,50.732325361023534,56.24786339337393
CMCSA,116619059200,123706998784,36879998976.0,19997999104,0.04795,0.2141,101.603,6278125056.0,5.489796,1.1102773,USD,Communication Services,Telecom Services,US,,,,,,,,,0.0,16.165616578345524,29.81237871625577,CMCSA,1.4461738466007783,74.94662242425407,0.0467004321146347,618534.99392,200000.0,6.167982052981139,2762.202539719389,92.27367031463609,15716.571823493396,0.03971453072387274,14.25073944738072,76.9922394928548,19.025756126294596,66.77005941551889,0.0,45.80890914620961,7.585028139624976,41.2863499551006,46.73096977022177,0.7765122095215091,0.47174438997648654,8.11463084181344,75.14733031554806,0.9749598070107267,36.76871844818402,1.0,79.92186596996847,23.181430673737154,5.0,10.663964350139658,68.97112660732896,91.47311465790948,92.61503576636397,0.0,81.1003947671177,52.62815679598921,63.82440850313768,81.99048317100961
NEE,179791691776,27412000768,15228000256.0,6834999808,0.025710002,0.083739996,143.833,-14304124928.0,26.320124,3.302475,USD,Utilities,Utilities - Regulated Electric,US,,,,,,,,,0.0,24.93433392858717,55.55231223317614,NEE,0.8259840275889871,67.37280772955202,0.2842015744951548,137060.00384,200000.0,8.644959295197877,10526.37977478845,61.28412215124083,65748.66922033786,0.09618442602345668,48.36159521595923,65.56072346527671,10.958629253889182,32.8394146334313,1.0,22.43215997825517,1.0740821350850367,46.967580661930725,45.11033695525353,0.895246839242803,0.08094446448603403,11.168523325479017,67.53097843902447,2.233530028039735,37.511388503610455,1.0,71.58082420556612,32.72708997528963,7.0,39.195574219105254,30.291891979047737,61.007589924057065,60.30083164289712,1.0,32.13285344062021,65.08529562441026,35.597544218965105,69.57356244029977
PM,280101584896,39992000512,17959999488.0,8600999936,0.14938,,,7741749760.0,25.632479,-25.665382,USD,Consumer Defensive,Tobacco,US,,,,,,,,,0.0,21.506800924897927,44.90897994115329,PM,1.071821350160613,92.61534111619773,0.0183150338823058,199960.00256,200000.0,3.760794763137787,1307.004006866037,13.911878526932274,3675.457981027735,0.06432475553866346,33.900894071976985,65.08905290876206,4.219224341763301,27.703169777786812,0.0,10.047701599726231,2.9229343370363985,63.24915274190031,36.464959762167204,0.8051951824596523,0.0,8.754110719223775,58.44516535938378,0.26529306445477474,52.95388935254118,0.0,84.96064163706951,20.449596459398425,13.0,28.07674513770891,32.74164670170175,70.48477419884291,70.18597093977762,0.0,58.911852814814544,85.93985004927039,63.28032401009592,73.00735875146502
TXN,204449267712,17681999872,8057999872.0,5000999936,0.1095,0.30148,86.327,-172875008.0,41.28624,12.540965,USD,Technology,Semiconductors,US,,,,,,,,,0.0,28.282999503462506,45.57176750555289,TXN,1.14990553309088,72.86428847113501,0.0693866331518139,88409.99936,200000.0,5.763048108066647,53.988225929264445,166.8029322123137,285.76140424482816,0.023554550997079562,14.742588798768338,72.04285864733286,2.332794913947731,49.67885606871842,1.0,21.824070896594755,5.397680649218707,35.531180864707466,46.833564406273034,0.8318425226854935,0.41001520869341745,8.758777765822911,50.0601575380706,0.5039453871712332,53.17154258563872,1.0,93.36267898222478,28.031592101883753,8.0,22.000473307899203,19.128230101047517,59.769698608125985,73.83347070993243,1.0,77.97541737719322,67.48129362548529,33.34566434960316,72.70692234426349
RTX,269615824896,88603000832,15121000448.0,6732000256,0.040209997,0.109519996,58.843,7167499776.0,40.460766,4.1450744,USD,Industrials,Aerospace & Defense,US,,,,,,,,,0.0,7.597937082023367,17.06601391150499,RTX,1.1416006812757824,61.127288926925786,0.1174038592141473,443015.00416,200000.0,10.737457406264872,2599.443847618553,26.41855029313329,9677.281686601327,0.133081152532752,24.744314001172796,69.7031247879168,25.27689667344094,48.25246633836829,0.0,17.19216115893184,6.262515941613686,48.584627767021026,28.477305038824973,0.8868397841680222,4.075697122281738,7.363061669733648,66.71148255505788,0.333092475315773,54.858417248396194,0.0,94.57831583186201,31.31442594078637,9.0,23.944237833398358,10.827662180294437,59.912041118535726,58.42788725142462,0.0,50.695220208843864,45.86262565975555,50.52362604476154,78.84243832180954
RELIANCE.NS,19447515447296,10245479858176,1684509949952.0,832110002176,,,35.651,,23.382689,2.2173362,INR,Energy,Oil & Gas Refining & Marketing,IN,,,,,,,,,0.0,8.12172795900787,16.441493939473645,RELIANCE.NS,1.0227865803748262,58.10599910225319,0.1194470778209718,51227399.29088,200000.0,3.4347391555578377,3896.3444911703245,31.712675455267348,10433.082869788515,0.169969324797722,9.895351423523845,53.29146577387321,52.23246757098519,40.38367634208551,0.0,31.8417472127702,1.3961685154636836,41.06397919637912,33.14197276037368,0.8202633649856764,0.3332190587232693,9.043274114202106,77.90276477828827,0.29902109037795055,56.87345249397474,1.0,90.57955233565691,24.08721895633608,8.0,28.63207760648829,27.8784761111041,63.304908144577496,77.72573701202731,1.0,88.59858321874258,35.426821688015146,24.751264903629302,65.66557606277816
TCS.NS,11669417754624,2608020062208,682080010240.0,477160013824,0.22512,0.42635,9.444,361180004352.0,24.460033,10.280595,INR,Technology,Information Technology Services,IN,,,,,,,,,0.0,18.295872057825623,26.153173440795463,TCS.NS,1.2228047255079166,77.98785684899944,0.1045940970982072,13040100.31104,200000.0,0.91488532540126,382.9518811752674,44.209446335578015,1409.348695254484,0.02319331964638427,42.19348034167685,87.12153363340747,3.5955044527779507,52.646867246666694,0.0,0.36341292828328925,10.389225763390996,48.53465932200724,28.69651514299775,0.7892507323854687,0.24693183488830137,8.429661864121233,74.75051169292962,0.991315380002295,72.19392264514912,0.0,94.17559906844521,43.31239428044993,10.0,30.760915795931457,21.243303801561247,82.54253963129828,63.72646865809426,1.0,70.26042779281742,66.97733290948331,68.83803542821656,78.56943887741988
HDFCBANK.NS,14598610616320,2845330898944,,745100869632,0.01749,0.14015001,,,21.162169,2.5844433,INR,Financial Services,Banks - Regional,IN,,,,,,,,,0.0,26.186791487363827,0.0,HDFCBANK.NS,1.1446746858041972,73.24221981856414,0.0321981238961433,14226654.49472,200000.0,7.072052623618116,50.0,10.0,230.37878825761356,0.02248266469547469,40.136944263660915,68.3321958178833,5.748286111867471,61.42891174916469,0.0,18.191862188294667,13.924920382455962,46.34685808415393,60.0,0.8376879931297364,3.006410131231943,11.697697433514401,73.13809282917691,2.008901740160078,46.80650812091966,1.0,67.00698900340917,33.35041953444121,5.0,12.624864490965344,13.392724270905981,53.744631325784,47.185681165800936,1.0,81.70818293876587,65.31676997505808,44.948651701691134,69.21021520102433
INFY.NS,6699663491072,19847000064,4380499968.0,3206000128,0.15672,0.32683,10.531,705742831616.0,23.472713,7.913532,INR,Technology,Information Technology Services,IN,,,,,,,,,0.0,16.15357544042783,22.07134556292809,INFY.NS,0.6287012733018107,75.61339698972074,0.0169847563970957,99235.00032,200000.0,4.392540810899315,58.519069221609904,14.785230471214504,404.32229455958907,0.03942637401693539,45.855070302209384,76.39037624277628,1.911482133388579,44.46560152099907,0.0,0.9178123668609888,8.817823051954962,51.17095821220886,39.630994490429984,0.7702640004350735,1.092724217605237,10.288735694801902,80.19604692327356,0.3045855866845182,62.67005906558923,0.0,84.91455566957907,40.46686208746479,8.0,42.13909808522236,67.83774820945575,62.70875060154362,78.11924091029275,1.0,65.38030119245516,46.64401383835731,68.19520877335644,80.87319040705098
HINDUNILVR.NS,5565242146816,642430009344,142029996032.0,108889997312,0.10227,0.21819,3.611,111142502400.0,51.00345,11.42138,INR,Consumer Defensive,Household & Personal Products,IN,,,,,,,,,0.0,16.949705917877353,22.108244317078228,HINDUNILVR.NS,1.260746819316782,61.34585621000211,0.1010437487492389,3212150.04672,200000.0,7.1232483270084055,306.3318508101134,80.15659074041422,2271.364852963706,0.03651638772050941,19.64988317448678,53.32865880564265,2.712187832395862,71.52986153540238,1.0,4.593821535963851,2.353700151003349,36.472076669640494,41.88076354077459,0.9166921060126866,0.48699800860400616,5.5159079206088,75.53875921992501,1.577818849198011,54.606866603099945,0.0,86.86354022648344,18.19009022775043,14.0,19.26181357062311,15.233735178894802,51.597266341713784,71.9425938607033,0.0,64.34641377358429,67.95859008141073,27.77414565939988,82.99455850217528
ICICIBANK.NS,9940466925568,1924702535680,,529548541952,0.02142,0.16798,,,18.987566,2.8498716,INR,Financial Services,Banks - Regional,IN,,,,,,,,,0.0,27.51326670668669,0.0,ICICIBANK.NS,1.2661872511800225,80.18389064933555,0.0914547542460641,9623512.6784,200000.0,4.44844748499883,2405.565987415323,96.48890020644438,13185.69887936501,0.01632536776925858,17.842754823277026,68.03367099279245,1.0,40.37527225664659,1.0,3.514282216582195,4.909414342879963,45.53342399243048,23.245374471080623,0.853227987434073,0.4626657951612171,7.872868696897313,62.723708030084275,0.05826966497095898,51.077415865213766,0.0,93.28035819174211,40.954650405021354,6.0,29.702259796795975,31.008496496221632,79.38519803127708,73.80495504753598,0.0,51.9348081606617,73.0236170617058,48.81209428419841,63.800658090091275
SBIN.NS,9823222497280,3571947143168,,807924203520,0.011460001,0.15675999,,,11.83628,1.7254544,INR,Financial Services,Banks - Regional,IN,,,,,,,,,0.0,22.618593476818443,0.0,SBIN.NS,0.7710141687464256,91.80775351909035,0.0197665893646573,17859735.71584,200000.0,5.758459946776328,535.1928522065622,14.488956037805707,1736.087484637415,0.02636529261791782,33.32036037331129,59.26480130507431,1.0,37.78259045702624,0.0,2.4022521892168442,10.55245048090355,49.121347178710835,55.94106292040441,0.9593334497336274,0.43612135646824784,6.636385002650641,66.64386542892935,0.5972014406343359,43.777688118553,0.0,93.05171790509674,37.47277879971133,8.0,65.05105361357532,55.12135452812529,76.87744798154645,66.2473102203893,1.0,42.17190943225565,95.0,61.14605230039504,83.39324844655677
BHARTIARTL.NS,12166497304576,1946135035904,996800987136.0,385425997824,0.07565,0.33018002,129.719,381545512960.0,31.07671,9.825703,INR,Communication Services,Telecom Services,IN,,,,,,,,,0.0,19.804689331075405,51.2195181087717,BHARTIARTL.NS,1.0113813506342806,45.5892767987513,0.1221251713818488,9730675.17952,200000.0,4.961665131483642,1443.2837788303634,72.2715822092063,4622.617255646844,0.026742996966598872,50.68851369662055,76.2724038578205,3.227147093163586,60.655344238139335,1.0,24.627124802132553,14.17649224158828,38.09541470954588,26.055680167332763,0.9316772431983146,0.31178314917663197,6.771107656892358,81.09252767257264,0.8934131902032553,69.2004444530346,0.0,92.16813141499101,43.032612143484556,5.0,25.66135263526242,17.629020371050803,58.46116826232261,65.24821725025618,1.0,64.86577595141378,63.601807902112604,83.40026306113305,71.24697897253535
KOTAKBANK.NS,4135335755776,765436690432,,187974991872,,,,,22.0,2.4603112,INR,Financial Services,Banks - Regional,IN,,,,,,,,,0.0,24.55787581411991,0.0,KOTAKBANK.NS,1.2049986978433207,58.31558781842553,0.0607285115287779,3827183.45216,200000.0,5.987986810796255,2917.7236806317037,22.344517016229037,18213.945115116385,0.004127758746014819,29.858077448636546,67.82011165314579,1.0,57.19602816164027,1.0,9.706468289842864,5.600985160095173,46.26609531562893,52.44757385214448,0.7583825720616622,0.13115784425231067,8.019910706618326,79.375074225561,2.540145329369494,43.97809024782579,0.0,100.0,41.68249147807721,10.0,47.29200211446809,69.8031286967444,57.62846432292358,82.85881556271715,1.0,76.2818091517648,77.45384234362926,67.0840763008665,75.71511925735082
ITC.NS,3967380619264,798087184384,269900972032.0,203762597888,,,0.507,,19.4622,5.5839667,INR,Consumer Defensive,Tobacco,IN,,,,,,,,,0.0,25.53137074181604,33.8184821549693,ITC.NS,0.9372058541261916,70.98251859967523,0.1101899460311215,3990435.92192,200000.0,5.801548336128938,591.4014703754827,42.38687619069973,3187.598419960721,0.03928168255618285,25.03844708476524,73.89769271616154,1.0,23.43358955090876,0.0,39.35264014236853,7.569808778027745,41.44096088052642,30.005553053929372,0.8457045358345592,0.2513389240454772,8.998719855693533,70.22951787749231,0.49252087467660205,28.559632219803138,0.0,83.96141208790607,25.663965085920424,11.0,45.2038361354236,6.4675792717173755,61.36101909172383,86.02467534470745,0.0,61.44005408213699,68.73786073242887,29.16571552787403,90.0
LT.NS,5555819642880,2827686510592,333417840640.0,171246305280,,,111.847,,31.595087,5.480136,INR,Industrials,Engineering & Construction,IN,,,,,,,,,0.0,6.056056944026237,11.791188287353544,LT.NS,1.3218934143298036,90.94787671510474,0.181625964092279,14138432.55296,200000.0,10.3054206249971,24258.613252453306,60.92189520096033,143364.48808094396,0.07127400370166581,9.96534071051275,71.28524184912503,4.498460772430424,62.500938963726696,0.0,22.2163125706071,4.0686793775419385,39.18873216625934,21.47921917007601,0.9048577041794088,0.0,6.916966083821037,59.97076539292543,0.33828483080011573,46.35667102935298,1.0,100.0,35.26299258802497,12.0,33.548371092341995,16.196649407631362,84.98206319034652,62.34133562870941,1.0,57.169079944444405,64.47472023225974,77.87018224341611,57.268418201732146
AXISBANK.NS,4213857320960,768435683328,,262573506560,0.01563,0.13625,,,16.106888,2.0341861,INR,Financial Services,Banks - Regional,IN,,,,,,,,,0.0,34.169874233693385,0.0,AXISBANK.NS,1.7091617483858084,93.75951877700452,0.0186002437222301,3842178.41664,200000.0,3.043333087532411,50.0,10.0,202.54111164765476,0.007587431340749401,32.770598050470035,75.59274764703984,15.105034349625248,62.98275593633355,0.0,31.711130194843378,6.954378053977918,48.06676221063216,26.05495650134712,0.803363289301924,0.1652612576125146,8.744737291196724,71.76689521824204,0.684330490996024,60.58343903958225,0.0,100.0,39.02778344059801,8.0,17.47329428826629,12.26697722655403,73.26577520972884,63.55819907598213,0.0,54.462504516755615,67.19757167648007,48.12563008656998,67.07529623130415
ASIANPAINT.NS,2325549678592,346495287296,58500173824.0,38453600256,,,17.609,,60.48367,11.87237,INR,Basic Materials,Specialty Chemicals,IN,,,,,,,,,0.0,11.097871072384976,16.88339667778083,ASIANPAINT.NS,0.7642041902095054,62.14667491655871,0.0019330504120641,1732476.43648,200000.0,6.763956608410541,415.68341275512114,140.09485380722424,2003.5647890868029,0.18075322630323193,9.473927436110426,61.01501561223941,6.216522182472853,33.37098596028612,0.0,94.28735682855785,9.361107353184586,44.37375507835783,23.84127051545178,1.0061354912185012,0.5370715168023112,3.463817327907589,57.60284897174005,0.5694118588545899,57.44397226800241,0.0,75.97961445981547,29.78927581546131,9.0,72.66507142361826,28.239162762193033,65.82977332898902,64.08513090955691,1.0,71.25446741845289,46.077674455166935,66.34297630920804,86.07803168232918
MARUTI.NS,4647498547200,1717736046592,195117498368.0,149315993600,,,0.1,,31.141634,4.659414,INR,Consumer Cyclical,Auto Manufacturers,IN,,,,,,,,,0.0,8.692604075943096,11.358991898383598,MARUTI.NS,0.5856866190538675,94.72116064501238,0.1510056877070906,8588680.23296,200000.0,5.0067162074794105,868.9878238841961,386.99641385656787,1801.0804144253077,0.014647732429184789,36.162326370651776,78.44280033845985,3.7613055423773325,40.71466402672668,1.0,1.1841463920900857,7.923988103196926,47.15943369574709,42.614015700749334,0.8433143078747327,4.938956075902351,5.039713824092033,60.93701814537682,0.8860224883980743,74.90867607324611,1.0,69.57733469174885,15.351127931220583,8.0,35.6173298513901,33.988408186326296,52.57452707724541,77.58421042894582,1.0,71.30155597905696,86.03082731023889,56.91348762609814,81.14494581737243
TITAN.NS,3609032392704,679039991808,65019998208.0,41289998336,0.08519,0.36639,223.018,-59323748352.0,87.21543,28.18039,INR,Consumer Cyclical,Luxury Goods,IN,,,,,,,,,0.0,6.0806430893800485,9.575282603735738,TITAN.NS,1.0911455786814628,94.88200768551178,0.0940833007719239,3395199.95904,200000.0,10.7788948378472,698.2355277484673,40.63211632519917,4593.447281427508,0.09626610583536972,21.74653765364129,74.27330435478049,2.501381269523345,35.4699967179936,0.0,1.334397209449561,1.0551602334531949,34.11489339388152,33.86313274437503,0.9189604528529005,0.3747949627203034,10.261460067999199,75.15353679746266,1.5789609199961858,70.07416441401084,1.0,69.00178521859179,33.02526322019141,10.0,24.943224062000475,53.19151311995585,75.44666502807647,67.98269318007495,1.0,79.0034816623086,78.41164104571058,62.218387594144005,55.49429764727154
ULTRACEMCO.NS,3703193468928,857753780224,159545294848.0,76649201664,,,33.192,,48.2875,5.141107,INR,Basic Materials,Building Materials,IN,,,,,,,,,0.0,8.936037757126908,18.60036044450136,ULTRACEMCO.NS,1.216468751537843,85.067439891871,0.1202772090878001,4288768.90112,200000.00000000003,8.936875933855351,1118.8150798573706,1022.4810813027829,6202.5172521597115,0.07711557438595748,14.467629880676487,74.34333024114044,27.09613083150674,49.06784703134474,0.0,380.1481888888142,3.4145937078749586,23.27227728416164,38.133540508621664,0.9092355534174814,0.07815994603859408,13.189168724459911,95.0,1.133362088732112,57.20617968849885,0.0,93.45211355912322,35.22974205302678,13.0,47.53771327371192,30.939057586551197,70.87401476744272,78.28936503512114,0.0,73.00333848690998,61.81953231579246,35.489635622279906,63.79587849111599
NESTLEIND.NS,2522235273216,218577698816,47477198848.0,32616699904,,,10.753,,77.48816,56.879456,INR,Consumer Defensive,Packaged Foods,IN,,,,,,,,,0.0,14.92224507837688,21.72097112613789,NESTLEIND.NS,0.9307400878465693,75.50842884320419,0.1821116037350108,1092888.49408,200000.0,9.942411690525052,6700.622009386432,48.31930092119439,22848.05183359098,0.05014488277201537,36.158059573226645,73.79163630556477,8.533424765290427,42.585916265162695,1.0,24.597463412500076,6.819310140622623,22.313227881416314,48.768679829290654,0.8239813780794116,0.2675544405277208,6.343060589892199,72.7557713325077,1.0637679971017342,37.34716348458477,0.0,79.93795146829177,35.46181851261181,5.0,29.956561761788564,18.36050750029653,75.23544550288241,74.14644005121289,1.0,77.57745726920774,51.395652884498965,63.43420547897812,77.70236459798235
SUNPHARMA.NS,4083907821568,568090886144,160245776384.0,109152698368,,,6.675,,37.343132,5.2459145,INR,Healthcare,Drug Manufacturers - Specialty & Generic,IN,,,,,,,,,0.0,19.21394992074066,28.207771026163027,SUNPHARMA.NS,1.4359781989963103,74.75344396556586,0.1623592288779535,2840454.43072,200000.0,14.429384147731266,842.429565903784,42.410890286197564,5652.00396066578,0.0191008697928912,29.585001905315615,73.61486278834148,8.589986464929707,47.647449606332586,0.0,0.34641213935561155,3.769484203874476,42.78727020369612,37.21127313439708,0.7688736681758491,0.13870973122828228,6.607143188983581,72.12726191870537,0.6022557125201433,79.51474629968477,1.0,89.3818150869939,21.712711926137228,10.0,20.544205633149467,12.15442654887457,68.17545811039987,62.74100422283891,1.0,55.341024175327874,83.32590873722654,19.46379069357947,53.372650224033904
BAJFINANCE.NS,5995044012032,406392995840,,183010803712,0.0399,0.1909,310.294,,32.735916,5.8030663,INR,Financial Services,Credit Services,IN,,,,,,,,,0.0,45.03296207990079,0.0,BAJFINANCE.NS,0.5984182600830255,72.2787861533369,0.3242148211508191,2031964.9792,200000.0,8.871437523183614,424.1935945575253,18.957759181930737,2406.683103727911,0.006673863288312453,21.384451831339558,83.40316647568858,2.555078653340282,38.944415528130904,1.0,41.295824769478294,8.771801895386963,62.38131315102529,44.82266876342304,0.8952408158582501,0.689235626784541,5.205825182470015,63.298082262285384,1.2981909012109538,58.520521049188716,1.0,100.0,42.265978382726,6.0,22.52151354330419,10.72939818070911,60.91350737220489,64.33808084518758,1.0,57.81813350123466,89.07521220810546,66.58910046289408,75.11786118266865
WIPRO.NS,2542386020352,908918980608,168559001600.0,132651999232,0.06766,0.15195,22.031,110000873472.0,19.230587,2.8347661,INR,Technology,Information Technology Services,IN,,,,,,,,,0.0,14.594480043013908,18.54499743060117,WIPRO.NS,1.2078755869094833,60.2846224029355,0.0767730820276263,4544594.90304,200000.0,2.3856159966333665,808.7779798968605,51.090563416196844,5611.223035770796,0.021162457970927306,47.205124407813265,82.03376832873559,1.0,56.44504268352736,0.0,1.4182954717407414,8.792746897623593,53.23114104922755,27.154153641015196,0.7563268777792357,2.227096460059006,10.967411915756603,78.33859524580221,2.2984253844632,40.63077249553537,1.0,65.84139530759445,30.563897204004498,14.0,43.6736597857107,5.0,78.11803240151717,72.83464249752375,1.0,61.48252613120273,84.65448005203221,39.324616864191576,78.86929284176445
