ticker,company_name,sector,country,scope1_emissions,scope2_emissions,emissions_intensity,renewable_energy_pct,energy_efficiency,water_usage,water_efficiency,waste_generated,waste_diversion_rate,employee_turnover,gender_diversity_pct,women_management_pct,injury_rate,safety_training_hours,community_investment,board_independence_pct,board_diversity_pct,exec_comp_esg_linked,ceo_pay_ratio,shareholder_rights_score,ethics_compliance_score,market_cap,revenue,net_income,roa,roe,roic,net_margin,operating_margin,revenue_growth,earnings_growth,debt_to_equity,current_ratio,interest_coverage,asset_turnover,free_cashflow,trailing_pe,pb_ratio,ev_ebitda,avg_daily_volume,bid_ask_spread,free_float_pct,price_volatility,beta,price_momentum_1m,price_momentum_3m,price_momentum_6m,r_d_intensity,market_share
TICK001,Company 1,Materials,AU,674.6509947230242,435.7793437456316,63.950597645932696,21.165630968099332,67.14422661736134,10.620939119240678,26.92965296478279,37.82507191455678,84.4329497824952,9.534542265516365,50.2094677795209,27.434883878476608,0.1583783377143509,10.674001288470574,3.7936977833126817,61.135093690022366,61.62320505402222,48.06390075794164,19.547742747075944,58.37027622307915,88.52402696683151,14638.12894573353,4307.711103181305,3507.5606372056664,6.935970992341404,12.38052442893664,12.412870288214632,12.528677162363994,14.647677437372227,18.409541737977897,21.806228123273762,2.3441476971589768,5.583093558889202,25.55917145108499,2.730604525634733,3205.238557726496,25.04893425945338,2.08359976816975,14.938851302579806,920.4288692586036,0.06563793807009906,87.91159829781014,0.13111310569880097,1.2430081715518349,1.8011301853871435,-2.1629711930863293,-5.084288602928112,2.0776945388386014,2.8643708670248382
TICK002,Company 2,Energy,IN,6374.056238385754,110.68698540856452,132.99013900201504,79.6554878648105,71.4920203455162,1.9197052989787264,42.185066950152674,50.2671717514891,73.2051822699237,3.5175241457513993,49.58151881509515,17.100853919206315,1.1729722948735801,18.009501043421736,,91.55300708459465,35.31185805509987,57.75288831082129,5.608006077600642,88.12961093662909,91.3146033380329,14016.651918019003,432.30169861572085,714.5387854369719,10.362502839570649,6.899880461516333,13.767769607810404,9.566494319258956,17.67921904164427,-4.65258409085215,11.510638366919894,7.16854971861316,4.26671869478271,14.966721863824246,2.97056112438866,4576.822056029708,9.807378274903588,16.50388740876004,12.460075352906198,3626.533186599656,0.09606456551256061,71.63679331276126,0.17228504457462412,0.7825416748599844,2.7066064700413914,-11.118241145541353,-5.869874102210594,2.711884089774678,10.778933120596013
TICK003,Company 3,Banking,AU,3461.568356692508,,37.49170906950428,30.127269091875057,89.1497668865729,3.5009074202034642,80.94346669619932,23.830900534389556,57.73684559746387,6.05717509009823,31.065702843592437,33.569391269192835,0.2347794404863573,3.2274372335537955,0.26831984283982896,79.93680778842932,27.937891325245477,62.05535676584874,28.122211383917737,98.03996454960249,65.40620468312031,6583.73326186816,3238.8572826443947,6406.875404528719,8.113526462389821,16.280753673449407,8.8758556634239,16.2880952817968,16.1976625104167,12.805867584277127,4.2813829213691035,1.0083643775362052,1.8187050883712828,4.017780790241457,1.5405603173040916,4602.291770327475,13.214267767701456,4.89432684734286,22.442847313304668,14427.479675192953,0.05190439926857328,54.1301032193888,0.23265271091093703,1.0162154988538004,-5.003146862416203,10.816314927794608,-6.455742345863461,1.257294362390765,6.034068872902007
TICK004,Company 4,Utilities,IN,1400.7828232912775,911.8881123502828,37.65047269940928,79.68721030471828,81.93792859466062,17.073645949214466,42.91170161169757,15.389100427288616,56.33814242472557,6.87789527287978,41.83310297824638,58.33673652011375,0.39910782807304046,5.684686223186791,6.619787569969955,82.9066363969006,73.22756264730835,65.69037592343825,12.650077966748093,56.01199597268322,94.49626115861719,2922.306698176699,2318.842980682846,406.6442291430595,5.3080694039909835,14.02684190288776,4.63271347252739,12.030280612140405,21.56507728512885,-0.7298896688935272,-5.65507332560567,4.4205860198958336,5.289562018274008,5.7845399711908225,4.301629121846073,1457.903309837377,7.00451851314861,14.850382657494015,20.337300560429156,954.7996860749159,0.022111129256126395,83.4540149573883,0.11455154912645434,1.0376645759953445,-4.275477372046025,16.795260164020075,5.5973351620831355,0.13673956202357582,9.184467589645156
TICK005,Company 5,Industrials,CH,291.1984092015374,167.93215221013241,19.841054033877437,17.206495444826643,66.34658488051221,11.65762234112399,43.70527367646576,51.52236846859607,73.99206053478679,1.0135877372360589,81.54564024705522,28.953945505132104,0.025948371804906174,5.115874076031216,0.22867820421549734,92.78604504506207,59.50724224190921,75.61432859916832,40.64668881256741,61.806671866944505,73.10374475515731,8225.26654305442,3458.8194527594123,12514.430102880904,3.6776183151038793,14.242449784305654,-1.7412493271315537,8.825378642395126,17.874018860356554,5.930154109016312,-0.7231401646294451,6.560482367682795,5.377807367959398,8.300715981592585,2.801748827233193,153.96277496086165,9.855413951180733,14.031087349206086,9.812466158460015,10652.048608177118,0.32607528631291327,53.5969791585474,0.289377273656894,0.7131824344949816,-6.030111857040595,-0.3299850318336242,0.9485736258033506,1.0587969783897668,5.830784743204922
TICK006,Company 6,Materials,UK,3303.8524055819694,,8.188621989958548,12.8289401091302,75.72515539909722,13.159882786124493,71.87700432326727,34.8697531302898,56.85960327046657,6.11159662318026,43.06878833607671,14.867456031870729,0.2776685604582263,10.598788073349597,1.3020577624235352,81.89239005746587,25.672423631599163,58.78839022654926,20.106849958989436,71.68897180990761,75.17231017434585,14906.258511800494,17562.382205583348,481.65893653049403,-2.495066844239125,10.083166864970618,10.736652834435818,5.532424537403599,9.832142521817353,-2.3102527514730706,-9.696561387225163,4.821437231537382,3.1896565991281127,4.20818601916993,2.224396746968658,1738.5815618255972,21.960921641426932,3.415760547352368,16.173536969142127,1772.12118911808,0.07163493614829698,68.43409991362043,0.0465187452313004,1.6952910366021636,-4.429853669488884,17.272969236826334,-3.4578723661334116,2.627281668526917,7.965701430670814
TICK007,Company 7,Pharma,US,605.7966867784268,426.1051760295059,21.667307510411376,60.683471539335066,51.011603200444824,,40.770340851487816,407.48710552629,65.6523413797593,5.626302053588608,45.82425144223165,28.753035227713386,0.8929787854022802,4.370728194834166,1.7616721296478828,91.5262961251212,27.420418269746634,91.2867605972622,27.55921020138366,67.22272029686472,78.7400173150543,2286.867330402743,5120.754768014923,5461.606069309043,4.6077786867018276,14.397033440164265,4.740975988705808,13.989253506910694,28.071373043949972,16.223504708957535,10.146682580982034,17.45732151055625,2.3579827391460895,28.6134606147715,3.085954392287543,3128.784557445965,7.5212472426810235,3.845690837985356,11.886846744895992,24436.513862937132,0.1323959655178974,66.34176499801791,0.197877647438288,0.5778119669522792,-14.25015054658591,0.730517828890797,2.1961551397377845,0.9156516674598215,4.204374488725744
TICK008,Company 8,Finance,AU,6065.5994006623505,184.57937409685022,10.204596831131353,30.607930027532326,40.89408160152635,20.734629448166608,55.12892784059965,,67.25303331583949,5.400538309785206,49.42485688042302,27.71056359264622,0.8190442374357614,10.791379000465046,1.5590422672726518,66.34039922940643,60.967556841648076,54.13496891883264,9.336624982127612,57.50915499773931,57.79708146183237,15822.56961307308,756.6070575456073,6322.348625104338,4.130439638218623,10.830059269751066,8.704601807550768,0.6327934802269155,16.1660007800294,-0.3698035443958698,-4.359987107412749,1.7804080681869536,9.373996960494758,8.293409617240053,4.525021513928809,1011.2403185328847,9.577600948305994,34.33968819916329,6.700934297599603,1923.3367825041546,0.05294092234236713,83.39420903530664,0.08894262509312349,0.6105688288938527,2.7229120039681405,-3.0436472333308093,-11.898324493255586,2.8950332799699674,5.0582115414779025
TICK009,Company 9,Materials,AU,750.5930659504786,5285.5550011023015,53.2564931059429,44.607347845609375,71.48826760092241,5.994725864248712,56.36346684481395,19.40687087297502,70.06760750084032,4.845601208059669,40.26232253963185,36.85650614049191,0.1270066785346775,14.662131360334298,0.1799197817926106,76.94097008577178,71.28563242956038,74.94130949741859,12.535118873075497,72.26130634622051,96.40207153289242,16472.40656008426,4087.2314741755736,673.5250956522333,6.155761719157614,14.760076072272714,3.0007186416425435,13.229452101379461,14.115958640270962,13.519642593318276,6.813273849777505,5.846503896556675,5.730041397798312,0.8498644288527472,1.4453969210356084,6276.600994825347,20.06176053081055,21.12707863142174,30.063821910180245,1087.2517025415718,0.04387092683666391,96.80596872848616,0.2687793915277127,1.3942679727110736,10.270969206280348,-5.04366763348382,1.2633434869161353,1.7113458120122795,3.6125740854921546
TICK010,Company 10,Banking,CH,30482.30430577918,863.2486969350457,17.338728108151393,55.26559869192135,79.4529891964739,8.136824285961033,48.975930538431896,26.822468052330905,52.789079824527406,6.375352449531158,71.5323979784189,22.96782335926493,0.1281427847696821,10.460449699765174,0.11743507517392474,80.44215890447846,42.650914165433,75.05515638077415,13.916693504850299,75.09501449341714,85.68345544373398,49534.858659331716,1968.5847110642317,491.0545736498768,4.702808691240815,2.6858689263178492,6.939049838119191,4.5047762422256366,20.783552538333424,4.559019717376671,26.44122224332445,2.497093590385674,3.99666188732696,9.693782011357678,2.0801108951179637,2591.0890824571143,15.305259874312346,7.250633845445992,12.662431625169756,6800.056095540384,0.05228379815558416,49.26966536885081,0.14529665055702248,1.2139798752389628,0.7391036951826347,13.09665926394194,1.8072299141356054,2.070622493158344,9.18886555631912
TICK011,Company 11,Banking,JP,920.6869364662159,,8.797809791768021,66.25878584965294,87.17313535270071,,84.02299424197457,,48.239137426837665,3.0293906734673977,63.98242477190963,25.650213594648847,0.8499694460871767,8.515393382639202,0.22294369810262302,58.82728353306239,70.55267428844012,57.08278687567939,39.85954836521718,87.64906300075317,56.550854577792244,30789.265019589646,8439.54155864628,1217.8830775629624,4.175537128025601,10.005598837214114,8.134876219604212,16.2614183097832,16.496705675580433,6.855276282011371,24.391594875059027,7.291613565345407,2.538272060602955,5.592766590561071,1.0903192050489385,1935.795006489926,54.38118978081786,8.622920771207136,51.11590904645513,1767.0244768866667,0.052627204754492375,82.807044794266,0.09666995132675642,0.6922105547557666,-7.081344296703037,-6.241151051102174,-18.036562312289767,2.810248659738142,4.640111734371871
TICK012,Company 12,Utilities,DE,1838.8721959404697,,14.564894665363035,29.1000420661298,87.93761378133917,2.6580211922117516,37.39684207024431,220.79317918615996,81.26646613828628,9.597587702364828,41.36445772391617,15.14150963998395,1.3324840065913937,4.508945577197488,1.7617877361877665,94.20806642613327,62.92258000948554,47.545798404267536,76.85355057198265,89.07902581285198,63.192721823188734,3649.7421949881955,1942.0719880492318,1347.694008417467,-0.1890025623644512,20.801744102362207,9.074374324177192,10.806497713313476,17.39536915763596,9.477559074001285,9.612677270768586,2.701612463411028,2.9715763981423433,6.959159844794507,2.3579567492042814,3249.9039180369728,50.246870832602156,5.060635955118473,3.904600256116593,1086.0044336597723,0.07856575385980592,71.3698846068425,0.1885146693777892,1.182186704530508,-3.2138819144997397,5.882154479799899,11.948325052444345,1.4378328205485498,9.085580543090707
TICK013,Company 13,Industrials,CH,10099.8497456917,182.3369305363711,30.354095607290844,43.28173567403236,87.88043508054824,,56.861580260183345,57.80140806518982,69.1578028593115,9.576914624389792,48.00394652384591,43.15907988438397,0.05010961143187671,4.838353693706183,1.57203817632581,77.50454342029957,52.60348695569343,81.08835028876241,10.547222958672045,91.87797010364818,50.42672941274432,112004.8402728526,24616.448110189645,7362.121048942361,2.222119022489353,8.218451535721123,3.540711250590343,13.220618839250545,29.95310399160412,0.3817532834115127,8.9549832862822,1.9931162616167055,8.595984695805699,5.501960632610395,2.4833743803271187,1530.530752454768,13.014170062228068,9.577452408826726,8.250343691129004,1680.0724209145899,0.07841005788937594,72.57566778251633,0.21152632368004046,1.4403551334991929,-2.2943842251249844,-4.473310680473666,-10.577204462723946,4.496668682479361,1.11014329141275
TICK014,Company 14,Energy,CA,2352.282559825899,1122.0582508969662,34.29116483014347,41.44939103671087,85.77354064264148,3.6395833135631235,43.72090834100025,,78.92858241766795,8.399981279480942,46.811064696750364,24.914208330310018,0.2989718117891115,13.801944011609402,0.5324695497722591,87.14672216962332,66.25897812274026,72.82475435432704,47.53558154271395,82.73121452524043,71.74355656383572,30195.69248772058,7264.167417481864,1425.8928523841917,6.58596818447823,9.180507791992062,12.787643795045408,10.409944069123597,13.34927143046972,10.10367113540887,32.558494593052096,7.7280592445208915,4.801032363099018,14.092420973875008,2.199546857680512,90.66664154989624,26.53776490322133,4.805162494125704,12.464033609909546,2825.5891242039015,0.068747095263167,76.13653529773725,0.1865505672517096,0.9909210827209043,-5.0879238860668785,-3.6824541005949047,1.0837175904772196,1.5809493733993507,11.937479421880322
TICK015,Company 15,Utilities,DE,4193.076123496663,155.86264114260624,8.82668575023077,11.215669171911937,66.33604630334864,25.58610555518066,78.67107247272529,51.47612922890265,75.81218584633437,1.7772397617106759,49.87648051291648,21.5475846079726,0.20583285530942833,10.909942200147974,2.030974688316776,77.90027350463113,38.05113707251063,59.217909376939815,3.5404649694386596,86.50655205638301,88.0536722240405,29661.057696662625,6547.802697317099,1066.7605139338878,10.307645795066039,9.964894621885108,5.612420861072115,1.2381145242950158,13.093434635895624,23.303345643544112,16.249073444304535,1.8344605292706315,3.403166992645141,18.097073187395495,1.828763268266355,665.7145989098011,29.213802280641552,2.1827547839650236,27.008908832511118,14922.361780252973,0.01447781552155455,75.00429007247558,0.08087519461334901,1.7796468700223746,4.300913191975783,8.241997551756535,13.972940886423244,3.8651988280070175,5.869192556119491
TICK016,Company 16,Utilities,US,21177.9141325593,351.53745748031423,25.628043765360907,46.432119584283974,61.22429358497128,2.133616326074164,71.84322292951404,29.122618377732675,37.463310800102704,4.118850450447742,42.550131753482866,53.68069023560182,1.0227653561256953,7.2462945402228005,,34.70494418588775,54.56004720667021,55.7433899289483,7.726442054824879,55.181040266682814,66.49554389396383,21725.16336802373,17802.079678836715,1430.8722695037482,4.624526477766129,5.819860685680623,1.3021221581870188,5.696354183023308,15.699471072074783,0.21905214167285703,6.066322481481725,0.8779368549537123,5.782549154285813,9.266840861050783,1.2033936958123326,3630.6538218347987,14.8985005101992,3.3436617142323257,16.11303482393819,292.6843444081192,0.0685328781055382,95.23383585877488,0.1062448904930586,0.4827814567395894,4.051300221876669,-3.040294770314829,11.108121092566432,2.1386196848434444,8.412908369847237
TICK017,Company 17,Finance,DE,267.40788400153383,739.5077297570987,25.66085223205088,53.692136922504694,65.61995181415003,5.79601847234399,58.50826051243976,99.73106462599605,79.0344386508055,7.6654472087776995,37.89545903852448,59.884436144697595,0.043610198332734024,5.995716077395078,0.08493619689286841,90.99081779777872,44.39513884705327,65.08167529092746,9.327595224349706,64.56191098726022,81.42266529022184,10131.08631763245,25762.837379982528,11411.293489563508,6.056670456952387,1.0523397812331605,7.5639063201461445,13.361946688056912,21.429095613486233,19.71810143273845,-7.112217405445424,1.797725929116461,2.982616413085052,5.632486802872008,2.489445774110958,489.0225778599317,9.50890979038576,7.483163637130744,15.139858894604316,3064.6749506019305,0.01852505225340997,65.86821542566264,0.13505996438126885,1.2081470361577307,-5.777258969088298,-3.2383630353623456,0.41200066282602577,1.1587870174968764,1.0936956119323078
TICK018,Company 18,Consumer,JP,3932.18601368126,1140.1398770224826,12.098201735156255,50.7961652493628,67.8441981409264,2.626057681255172,79.41475432953777,26.868814137739925,60.774336784816455,6.871153527088731,70.66859870187011,43.8778151582792,0.11857429694568054,2.6834306345939916,1.378828088975233,66.07970879531953,54.69370192031913,72.87332440797356,6.807282863829823,66.096250827147,57.30967023076145,30537.279949311313,7909.987637587087,3027.9831483033604,7.999427944323582,11.028819653417347,8.137501236105841,10.83327908679922,5.960795818857605,22.980976334877845,14.72647861797692,4.460346070351125,9.491735903644903,7.148697956612274,3.4439888366678777,877.0179807811234,19.962405414003207,3.748514614445887,5.534024702986442,6309.958089432117,0.013483027729097902,87.46505698550969,0.13257194148149676,1.3499585008663009,3.62540522223754,9.062437577398457,-4.349988034584823,2.3550538585309124,1.9113015981802848
TICK019,Company 19,Industrials,DE,4402.043708934979,95.54948793428254,12.540478525208366,47.070749101008616,76.15557181161648,4.568664040149128,52.67069019297905,32.77165443069939,84.34184332631183,9.977803881444236,75.9667734533307,60.25194978530841,0.6981083881060721,,2.3379219498019843,92.86760338260842,48.536729261668896,57.375047535466535,5.658332786700368,54.45041903741945,83.18751127768329,44953.44393091513,3211.7127491483907,2404.0227754034113,2.7993462418170703,12.976293024943093,8.642357732687039,15.90494952652836,3.2066646511409687,-0.16154989028044042,19.95188527099435,8.278245098181658,8.814519168955435,7.505827308061457,1.8639436092918862,385.7400457932344,18.42258140799014,7.096725787927215,5.420245024702269,3759.864843988569,0.26977887900429887,47.070517041228996,0.19688661736977867,1.267403170481574,7.634063317886326,12.779178345772985,11.370142902906807,2.1595201715153007,18.40434897802863
TICK020,Company 20,Healthcare,US,9630.92262586904,270.04767486653697,25.33153183612201,53.51979439141701,47.896741842819864,8.463434274699749,64.35991342124605,174.50158303865626,53.080123021601544,4.967438721203466,36.54793107587282,53.16578931032407,0.026328084487687507,,0.5815388055631174,76.8669992062307,33.24789410822324,73.09315544360281,27.94949495111328,88.30634354818733,47.770409116051006,1603.0389700001858,964.139950234689,2612.3184513672263,6.1327759723957325,11.778861975757179,13.448529614740316,12.016372815185859,11.477308376279115,-6.5505460509055204,2.4201817058362725,2.9710145690969934,3.549167128950943,3.8886263353548056,2.5396289272062647,6528.435422706361,16.153193200453714,3.8775494782692927,15.26791033618428,14354.779089232494,0.09287429730945097,55.169813831226634,0.04941750248347087,0.9386932820063055,9.512791026147799,5.1575184262738665,8.096339733703438,0.7029305667865943,4.70486227399684
TICK021,Company 21,Utilities,JP,466.18098272915256,228.16421857615035,4.720504400981988,55.37577093916224,89.11411648478524,,46.95579953863513,25.32102435170014,96.0477491106643,6.31492021746043,46.80274210576233,33.2587729222945,0.3391641430948137,3.895305906522789,0.7356766328764053,90.0754153688235,64.53850517686249,89.88070695189123,16.92422185749133,79.66565762502881,88.02951859252069,9816.881100046636,3557.240175358567,14051.330969378589,2.99281209684796,11.549888682541443,7.054204653056562,5.166490546486701,5.196462245644277,11.019609001717647,13.494433061656391,7.803385311139202,3.2728621473032997,11.741656683205562,1.390351657251153,5892.8348367291,25.05713040874418,4.620891475290305,4.688561431237429,2726.5316001099654,0.10773109559468204,82.26253467748373,0.1599592037659339,0.9128675553966552,14.326060115429813,-5.238158204991594,-7.42038024052956,3.173263433333573,12.531043787107645
TICK022,Company 22,Consumer,AU,411.2967939854286,184.19683125129646,4.916201726887825,28.27014234463268,57.64799908918402,17.667590076746894,58.15288923432894,12.856788598429148,63.65205319841846,6.411766122996754,59.9913369460121,19.36081012450788,0.29179407671138496,8.123327904036552,1.901960548155598,98.13375452452007,86.35792264002498,16.21141761481302,27.208361062872815,46.712920378611166,96.48014334338365,15026.63458340035,3863.5638125996516,1213.1722814405296,7.8603550871751215,12.555533022030609,7.521521502524915,6.01967931139683,12.45101191484617,2.52592477233127,5.63712046101965,0.9170989217067024,1.2103788389576826,10.676380366457835,2.5527313896377093,453.1082705941395,13.799539147505058,12.328321590307937,8.395413751625213,2388.780513663105,0.05138195516543122,60.15406807188215,0.1170691284489649,1.1332435513261772,-4.509963247215987,-4.084867994380636,-9.538723764020284,2.5451816758167185,3.947125670000548
TICK023,Company 23,Healthcare,AU,6521.843422199771,3356.1343123253614,9.791902599241025,73.84678785174789,62.92787328315191,25.208531698407075,67.07095746710198,60.038963994184634,57.02363584493765,3.951674542099497,27.870021262598915,28.36667465133413,0.20353408039696877,12.227921527905664,,68.0281410979003,66.36953965208573,80.61991215310968,34.89620726324178,75.68173069923839,86.25413199231613,32346.331996574132,9213.904157344821,14452.315878801362,5.521501114989746,17.20034108080604,3.587262475067626,10.514586952616186,18.01499817677574,26.686032191630023,7.791611209611967,1.9067290374648806,2.1365868251126434,25.33920983328425,1.9778003853206694,1270.6679681897263,11.290946684159863,8.571890716034892,17.2988864150569,6068.067451944865,0.23966858155502468,74.85048023758465,0.08898830626245306,1.2447263459956208,14.121102131976016,0.6393221099202999,-24.868262180351977,3.749872335958239,6.5411744186981196
TICK024,Company 24,Industrials,IN,4653.975175572224,655.8801362731721,16.22499327795143,59.10966474151726,74.04023155107218,,48.483715128641805,38.07380815746907,74.42105886424059,6.044607134850761,69.46392084217354,24.60176523896756,0.25091007693553885,3.9453539285360373,3.3206669960775943,75.36461137058131,61.0331915568482,73.51128765198801,24.84095232107775,56.22979889185494,78.01125447631291,13192.205159057177,535.5202207292363,383.7573553339615,6.044493097950954,11.238665270042407,11.282214011551588,-1.5702203300005273,9.655506818686419,8.348075404998323,-19.853864690747976,2.157909451012951,2.293926808376824,20.171683705848576,1.7705223478334329,555.2985806485675,21.211457529128115,7.346333514608129,6.12496479957588,3358.2543455732634,0.10159190678536811,74.03490005314974,0.09336456561346645,1.180742030884709,-1.7710319425439414,2.5674404954052603,1.848382100203049,2.039426934824442,6.530027742884112
TICK025,Company 25,Technology,DE,4340.475900252118,88.84908486724167,8.22299716539515,34.12154261739563,71.3128238308816,4.278515637274905,54.60429356589756,91.05060955960491,45.44968629090652,5.7604765486086755,46.90014343832321,45.678256139433856,0.3774480907402323,8.103979500505396,1.7499627639396607,79.09862285728697,64.3492108272779,96.77626529927478,33.99490093673842,86.29982045211653,55.16760339783106,6921.506852129452,18499.88077519717,2458.9672940750315,2.685275399052321,9.171918239438005,8.737236256312414,18.367209428114926,6.4390405393119465,-0.021994080351792178,7.338623155406374,2.4802328775890126,4.795102912153362,4.269343489669277,1.771613844343214,2028.28246799139,24.36103784197285,12.520638763788025,37.477815589946836,1865.9200112508333,0.14660732048774514,95.652928920192,0.12156954024202776,1.3120173672380169,-2.9623272769025717,-7.902927281118175,-0.9923729402207843,6.079280869092377,4.008046296654578
TICK026,Company 26,Pharma,AU,5012.410991976353,1213.70669036178,87.8258799053124,32.1125936567471,83.74038070792574,7.747062178974362,63.2703396051429,74.9987865994242,42.27043877059862,2.925832929166731,58.679665709360194,31.653885166369893,0.08799126053415916,11.810131546961546,2.6203096684257834,77.78584679064352,78.19959672963758,68.7308480266593,18.998768684855204,50.13601012383053,93.8040023269614,10436.4235381737,3883.2203460907112,59938.87653415881,7.129483867050346,10.605107664478597,6.31988909082335,12.208733681887786,15.416022970292088,-3.4715951101171143,21.63243162889665,2.907447389814385,3.8071586424380226,14.24261746172541,1.9776643464333041,1825.6348658873112,11.152654351999242,9.858806887895764,28.69593402041165,5537.912188909656,0.04597562637437489,72.60176177798084,0.022358637835981108,0.6943390128799795,1.6353618743892264,5.784303516638911,13.634296495710508,2.0381541219054626,5.992174281764772
TICK027,Company 27,Consumer,US,1074.878507216653,5149.152599925314,47.35439445294359,35.07665951617885,46.805717849765784,18.19039342270907,47.62630929012903,52.88297774675979,75.7027488276802,8.683130878182158,17.063915567403928,12.548975060416112,0.42431122663409426,,0.9077014893743982,55.36915478508207,84.51848863397001,91.21185622224334,7.771049992000814,83.26996988908306,96.43168535137893,10210.775201945058,7566.989656538172,839.857817174298,11.133140038074952,14.741855429992718,0.3813012261381452,16.13517298524436,20.175260907691023,18.899049590908305,2.423169333201301,4.724344238983266,2.287208906983486,3.452978850842275,2.4961012003761764,2469.3384793191294,31.945946590414565,17.6006876930731,4.055224302834465,1362.349481498253,0.3219172889465656,76.17524160521826,0.09530768939306458,0.9316687062629097,-2.910306670465062,0.6841066371167922,4.3086611217644,1.8950563117892827,3.0711664070719378
TICK028,Company 28,IT,FR,4223.335703022811,1392.642516939991,17.1168176762166,51.50756242237703,64.8255305687292,5.137695228992086,67.91988759974497,,69.23535627276378,5.412030023419414,58.58189642878148,29.528398363838793,0.8184876275486991,31.00664473583095,2.0486737461892894,80.77835008874247,55.36288688351028,56.38520067901125,46.81723220485834,70.27167584021747,72.2821769674486,6619.059801110055,33549.75808646467,1949.9852521312796,2.1149092309463673,19.237599118771907,13.77764878022035,2.096980295954155,4.830159368900324,2.2881602591581345,10.630316418583796,1.9043762544232163,3.8939262943557353,12.89378846102093,1.5013294861296564,1528.3109459898708,8.287591789543146,5.607384796210075,6.342925705642647,1431.6564615347322,0.17173644405896007,85.56570879086891,0.08734343415417423,0.7179952203628738,1.9952207032326306,-13.725666549105036,16.010750330072284,1.2853004240429142,13.641287029564767
TICK029,Company 29,Technology,FR,4626.744231326188,65.15415261641095,5.912158468113595,61.71123692990685,92.12613413823948,7.2721478189240285,64.77063901868004,26.157646336034574,46.9308169867679,3.4739425439478184,68.4004847731502,23.11526672792636,0.71389356067275,3.2081690036772477,1.2553991122923591,76.9113975541331,50.91058301422267,83.56092489603368,12.537326237560453,66.04453856162837,61.496826110355954,13084.979618392781,12212.194207651455,679.3133529995157,4.096108260459416,9.006974466908654,3.089280142175771,16.222825801776278,19.921394389835903,8.438287994604282,0.9285915196969547,3.0380715317336553,5.76997976639763,4.8876354622653055,1.9755866664149926,20648.67034799525,15.043458877564962,5.709999938420938,2.459494716016559,1581.9399255665512,0.1923795726510119,70.13756035389945,0.1766458505116711,0.8841661671741575,-6.600385938686508,-7.431411859685843,-8.36837073499405,6.320457682472683,6.928574523603693
TICK030,Company 30,Banking,JP,1020.9336930996749,225.63510449743086,7.3703900982398665,73.33023328135417,53.99344408023439,2.9288346688048637,54.2615496836945,,83.98293012497173,7.893582462639235,57.17504499165772,5.800338797509737,0.08355880520494449,12.545527968984727,0.42128438108822697,80.28341489854716,61.05915255830874,88.93162672728226,9.502196296484643,74.38565927548945,80.15121416174621,69996.6967044758,7539.830268757194,9348.342787953356,5.891816518431146,12.746821377930813,5.634887962521177,21.157494555138744,19.903837222429956,17.558027451124808,14.325300115513276,2.621906402561447,5.835264968810434,3.25892511374674,2.1980233222639116,392.3193729481752,17.654588687796817,3.384934107557571,7.044069423064155,15118.629320220567,0.018897677461991315,84.01771896256015,0.09046761467131062,1.3045662675442915,-1.1937630103171717,-4.03302938921331,13.657803971611422,1.6179156374489692,6.115543879339149
TICK031,Company 31,Banking,AU,48955.2437440742,,19.717111524073747,35.31143537229997,63.089495883794655,2.1679094545312316,59.851836801796395,131.7998892042694,71.36148245605779,5.231945651294616,33.910811291970276,18.499713478781533,0.0808181711588561,,2.4195678047107596,92.1813846947834,40.33179966969912,47.7601274819237,17.420814019596193,93.11384251755689,86.98240415090783,4533.487350951367,3935.0020022319345,22629.88643738773,7.463062115478733,13.824706863428641,9.433378044304012,3.3956082231134124,20.724510612939767,3.1574164806916976,7.401721629565917,1.2960071007477205,1.733538784770649,9.244569279186498,1.6004554302369525,198.22379011857794,14.612658062453203,5.712241877129333,20.831618102412982,62.475868164637596,0.03160310789345557,95.96723045215482,0.12153452501245311,1.0323951762175687,6.427911171808397,-0.5828615107284406,-6.346996549255862,3.712972436920236,3.0169731395299992
TICK032,Company 32,Pharma,AU,6067.7878718846205,172.56891108638612,15.049448726865561,23.150252222470076,73.45815525460384,23.483727903374476,86.53825691261534,20.626017381674618,36.94178493812767,5.6680738167727895,40.610048292782594,67.29414899181575,0.15610650034924264,10.869493212034595,1.625955490016639,74.14873339922576,35.25443672991803,74.51935563988152,9.676993503483557,53.2099843777209,84.2891885753785,41844.74885804292,3790.0038880324523,22112.698996092942,3.4064299529880313,7.145998041692126,3.213768285533254,13.857008974518834,22.310881289230117,7.540711712598394,-1.2708984881840824,2.4820048695707237,4.203292975009253,0.8696593440956434,3.81522469396431,740.1921386340131,15.141960987342735,13.182127522638103,9.118210250887923,4792.07409409463,0.03363494837126674,61.628485795555434,0.2926254878067829,1.782057748944931,-0.2853064571557797,15.114230364031968,9.331152741507266,0.3469276499043552,7.827019803979242
TICK033,Company 33,Finance,FR,499.21893857992717,687.1710991097954,27.735649196052556,31.56546486959508,75.85959233913051,1.7172842195932438,41.19643973561038,54.30425710760208,76.07209098146723,8.336014917712323,51.58929330967378,15.651358911167984,0.22398388703682798,9.213350521912302,,63.58764018077162,68.11020016232465,26.77632235258958,14.38312571928458,62.43038097653345,92.6129777736732,1714.9627769677202,2919.7815956586733,12948.542386623883,-3.4817520399391384,12.124279539090614,2.025960886987426,10.005549723436467,28.212083547957697,7.834315901774799,25.990617611981534,2.4231597639496023,2.2441562413668037,1.820697265216042,1.7228008300172946,228.60868309676877,51.18964375388249,16.118898820427493,16.819821977832927,3106.1092502893944,0.03159570324306351,78.97398168878894,0.22250087604731536,1.058021910156915,0.7079789336994141,1.9053704491170262,-17.50510071036832,1.3874623848589327,2.890375283812288
TICK034,Company 34,Materials,AU,7981.091120193626,1022.0450643988011,8.782569832480577,27.70834096246287,69.84019329167863,47.602972498602846,53.90396872331201,154.2213265027862,73.25133193365238,2.0067708206161035,42.524332707896235,5.0698090925759365,0.262509251776947,,4.845874629137138,98.92741827477373,65.30221422393319,63.597462572128194,26.449655595376253,84.81403618889917,58.82854190071824,9489.99158932721,4233.531361791825,2351.6099052345903,9.288530485909163,4.941662077663397,-0.49579033080265944,2.2778307587587783,12.863447708285669,14.833245115160919,21.14718416238658,2.3819882735963955,7.034765442966946,6.410943762797288,1.8206051137465151,246.54332285661863,13.125513814469663,13.146862024767172,4.196983182030709,396.61080068687284,0.19338404169383583,63.73000849002508,0.2124891607766993,1.0179075641739208,2.3762930235865576,-6.7261751191890005,2.8216235923942623,4.20523981630763,3.0724729521762333
TICK035,Company 35,Energy,DE,3454.4391984480453,132.6459348070587,101.28707409935942,54.194840973305304,82.00799380126,13.198736687309347,90.544101845027,90.506719196651,78.93688051513482,2.030823309805245,34.776516250081364,40.503949090854185,0.5692442665775757,,0.04231268667938538,43.403508504706615,37.991194143580394,77.11616871179264,26.54054042606217,80.22779844603882,74.3862131293495,13436.982193267297,20066.33885755602,1923.1328481658234,7.1824760458292305,3.027974320761314,10.883987811622543,12.46441985925935,15.65742948046715,13.907443355103258,2.7411188328619023,2.788231615379156,6.633106245812781,7.892819430602126,1.659485500804998,402.89877260921594,68.07505600370084,2.518050220621334,21.297350561769825,4322.858425346033,0.003240418557280642,38.042036861220794,0.10540594764416422,1.031854875832065,5.853308146588301,1.7650464344573058,-23.81625529735092,0.6488636078797283,3.96756734063187
TICK036,Company 36,IT,CA,9707.236386785618,375.6168367944896,93.01296694989102,34.67708335367014,74.66919287914841,12.730217020905126,44.716783943851716,202.24359694970917,59.49332951544367,5.808797274131358,69.85677466142384,25.36258097091632,0.029175084760689612,2.918440138207278,0.7589315322466583,88.61660426604882,47.85664397730968,46.83777064163622,9.793666946779364,44.19381309805251,95.90660942282071,271655.36714840174,6208.869258987448,401.2546539503518,-0.16506503567364478,13.915367310867813,5.819255021094712,14.168016024186741,12.501369400511846,5.798862687451715,15.973459713013328,2.8879266788276157,2.860471258158841,5.498883017430721,3.8173025183156235,436.0736253473213,24.992190345001454,14.15244113517293,8.259991351101165,5275.888552855791,0.007915142637857794,69.6784283014236,0.1775534017552706,0.8086573921420193,-8.276123560947164,-2.8167019796310475,-3.205649831301056,5.875542800283693,1.5503291073266563
TICK037,Company 37,Finance,UK,16947.80097681598,,18.015632469887795,31.906621622136367,49.57981536970268,11.709200894546337,49.3790290041839,30.934054677431284,55.93828641812843,0.739499422839482,14.197850667779996,43.754670155365844,0.01764403427101483,9.990391192335126,0.11712646615524237,78.32579273795456,58.00533968259213,50.98461999052473,13.596816733628074,76.32738770732352,66.60579101246825,14585.695145966401,1604.0265116380606,34305.063364589354,3.199716166877701,10.109327147383038,19.70908036989332,6.994367236655766,15.011861068534865,8.636490614965178,16.44894403384457,1.9235334951664291,3.055604357639284,2.0885101419285492,2.62707633615049,422.1589483807089,21.031631548423466,2.4519627494077243,12.286717214417916,6048.509019705195,0.03200880129460009,91.21875757886467,0.12039841625444299,0.9826490162867219,2.9226202591871737,2.598065916268334,5.284247926534963,2.657606103710633,2.869597054096055
TICK038,Company 38,Industrials,IN,870.4205820444507,118.00592444883608,30.01543418197527,35.740278219402406,52.943691990267006,6.036663445333266,72.80541645822913,,67.29957744277148,2.7375381159965895,73.89581886206238,25.573047581721625,0.24871665370648693,8.576957380881199,,91.18673443524594,38.882391993394634,62.61406891372469,47.44003079458183,77.73252877754827,70.49495914995755,81.08919298604637,6762.974308106728,523.3176289164704,9.848123084327355,13.195179056660178,4.022579737476507,15.829582601276115,24.19724013381787,4.282209884765116,17.70761482013411,7.524555861586519,3.558597386779516,3.8408224612737927,1.6803840998175643,1841.2849521702485,25.485767948573283,12.665356031069559,11.415680000880338,123.69344963345961,0.022298478223049235,80.43682859213497,0.12269586777000184,1.3383364081334936,-1.3406956962088161,4.644541496284918,-6.251622614773149,0.9085731771803974,6.646329544984875
TICK039,Company 39,Finance,JP,12645.59476855805,297.947774660049,40.050613498478434,31.4073288853647,76.08639347267359,10.111441695047002,66.26489752586295,66.72981162415653,45.6445930964169,3.9212596380000866,30.972324224781815,28.504544506188207,0.5972814287665406,10.168859745162365,2.422044883554692,90.04733988436912,63.73031703508728,74.28773240026129,29.877930401282704,71.8010285467838,58.05637109027446,1098.4623746943575,11896.00881772537,1651.8509303711685,9.364469004532465,11.937507193881597,4.314195906284315,1.666182966054011,6.929913096415987,-6.776124069194447,-10.331070751940935,1.0665354486050336,1.4529606504539399,10.104364525973807,3.1014491427238764,661.0377435581789,71.16234916047961,5.925880502857757,5.002391186301467,15362.231778484322,0.026378276811595533,49.949676345397826,0.1661013178818548,1.0341912004383318,0.8331894765591927,9.673845177791504,-12.605251545071608,2.2094534155866374,7.600984719527668
TICK040,Company 40,Materials,CA,5536.7966495565115,90.25691200940723,13.447315944639968,26.667114205504937,66.12349464798933,6.352717345359468,66.78344841070033,78.45857786615754,61.100418673362064,1.864820726226736,52.11051817568257,25.97990673402088,0.10748560735327195,12.541700882169014,,59.98995465688623,52.34117495828722,42.19558806634062,105.64157870122769,89.20012141842209,88.3888612198362,23179.98290768345,1497.673105122768,14671.590250332933,7.8888885979027785,7.211399474909422,5.738428118858394,2.526219267751779,9.833701967006547,10.576008573981294,22.079278492391534,1.5268761454532218,5.301469714401345,11.76848759604068,2.363656083687022,916.4297601591726,12.221583133774661,11.262965887744473,5.434899166516179,1229.934204154282,0.1599206379801562,89.69144791851495,0.1004096667277466,0.7619620810349585,5.299750848811882,-0.19429196536020676,10.153421631551204,1.1647604518511097,3.017909860493181
TICK041,Company 41,Industrials,FR,10230.106198652455,2860.905793592762,25.13075718471306,68.7722305188847,84.4056042906704,11.501283308104698,34.73922981691428,214.5240717050286,59.32883424502796,7.390265152342362,54.862187549408205,34.26706373654845,0.5129195595190131,8.880074264645438,,82.04369853164621,77.99860531802948,56.177630873797945,51.629981418452275,72.81872518656186,76.60152793416562,55307.08417216437,4768.472430005316,927.6760426690806,4.562983715701519,11.890619392682135,8.972538620553957,10.682986977943761,23.26308561902737,26.921917608330677,3.163612444891223,25.127701911884813,3.910157782759171,7.293776905748966,2.4041009933451494,2681.7712637427935,11.470643592764965,3.321880343954721,23.985659437025706,6794.585310533145,0.08281118143945304,93.17631083676228,0.2855042260330179,0.7224746138564095,-5.970933257059221,13.111684220798665,-1.2415534781630813,1.0026243771180414,8.523222423204977
TICK042,Company 42,IT,AU,51286.84030495101,,20.340061226774644,26.517905951837257,61.78013492216263,7.192586037411489,72.46886663762815,,62.295431401052525,6.753756213571811,34.81953752738183,32.53195905159608,0.1504364368611164,7.956941639627282,1.008154312617058,67.78878313738049,75.00271340302666,38.63916599186954,50.17086375180459,90.77610178239858,42.50958661111475,38684.09398691629,9256.336836787372,4855.883983426078,5.27492256528628,5.867722670252125,6.119186644858755,10.126926389861358,21.12021904141254,-0.8371914069106285,5.706064798704797,1.184839018520108,7.279684630499537,18.642930728636856,2.007031645742534,509.62617931395465,13.771027128470516,14.919969933963543,16.10765315439024,7253.856495362626,0.0005787375892727676,69.18128140765666,0.12492208327926599,0.864939432500247,-5.063222207215448,7.26418130028953,-5.874847764368059,2.283235061590135,9.217187465810554
TICK043,Company 43,Materials,IN,2063.0027085649035,237.9228867607751,22.146425324058196,53.988702337601204,84.94259927502235,3.454651049835898,84.1699713661801,93.38620376346432,69.00572148584718,10.496111273297654,42.86803745854198,53.71815411850571,1.0861562282352137,4.7562799123476704,2.823255447557461,46.665822036413196,79.77116274271359,87.02831938294422,6.617417311652829,70.28378661362088,93.92445518943138,2832.089523466277,6266.200185923593,242.32018880078672,4.576673135012579,18.91575849450743,10.449328856010048,6.417132557879475,12.821210119097532,0.2697029039729699,41.654581027122404,0.9203477053269692,2.5877671276933567,10.154506720010273,1.7774419144134597,841.725626012031,20.410951059999295,3.067967076953402,25.40724397137633,1041.0275125797552,0.05609314930783023,51.408543435135776,0.18436833220199372,1.0221590303232642,-9.677149798569031,-5.659516358497503,0.5027510538513178,0.2867380526350307,9.95623897172341
TICK044,Company 44,Healthcare,AU,962.3668832340891,471.9573837024621,9.271917573279257,22.678266238079686,76.66117392956887,,52.527019170168174,,47.78538738236634,2.972330094553437,63.24905378055586,17.17849042104758,1.1301937549945613,5.1752602004906745,1.2109454769277448,58.78370796570332,48.85425237221458,63.514919070112754,37.0063041775149,59.51674862377174,73.52195238947414,125918.40493201016,2143.6495444603693,6415.1173365975865,8.512880844709874,5.384194989176483,4.085646440045382,14.047972179859428,20.12641200672432,-0.7072777164374138,13.622480568652142,4.891903032598267,3.2885229936530815,4.063462638818004,2.462876140268007,1580.9164445927418,8.474947322336728,4.947720935513289,15.290944108832663,6585.015334141752,0.052405428266719845,66.95379216344155,0.28021453847230676,1.3580759606428785,-2.7457947088188823,17.678845325987712,31.64002970334706,0.40465832464252494,10.348077566588396
TICK045,Company 45,Energy,US,3925.1752071941787,2274.528249168102,61.75175912317746,49.93852345236934,92.72242073932077,,73.03128757805545,45.06827408148968,87.5847208233184,4.9420574797666585,46.645119849186216,33.61795069922542,0.1764035057938895,13.374732734146068,1.0630083437653235,80.021099137175,73.5731157559778,52.15624408672475,19.250067334859825,86.56550213464558,80.13877688994624,9804.661049595848,26140.70254935969,2762.0039193012663,2.4594875975868633,11.132452611009501,2.4736331261456757,12.654471571079746,17.0472950549522,15.245917787231225,5.364130294633894,0.5159755579073507,2.110104286146177,5.903812668889872,1.889805343672054,157.34363939160608,20.311142349125866,4.059838617090776,13.464996204255938,1876.958845947295,0.012097655764895144,87.36638406277683,0.22668971003857874,0.597853407590069,6.652161721894082,2.6159561061607812,13.842034197378526,2.336812869786428,5.501026008203376
TICK046,Company 46,IT,US,876.8049595088012,72.0215527941506,33.049230768475276,74.53709730352372,71.96946347700148,16.066246579579975,50.258016340877546,16.133298866541235,79.23292748802957,2.3304013719765972,85.48234812919226,30.024010728663864,0.13067832621562808,15.152532850802382,5.458442943068541,87.78492712468866,59.663341946470005,78.13427386746476,12.92566095971521,81.04795340455273,79.9819081309614,84319.28077581622,43450.76393041933,522.6366760902223,2.7352911000121347,6.984085342534636,0.8071410423635701,14.29069535467008,24.00164765400593,12.4848545419644,-16.46353247307087,2.2519147898609617,2.712456598682551,2.4053780251822188,3.8382889788382526,100.99737142922939,46.84168758085752,2.579070566034797,3.63930440890696,248.2279270553188,0.11274494781133089,66.32088098180591,0.066906473590819,0.9040521166333731,-0.6029359423673476,-6.680996031777881,13.950884018254083,1.1289985822372803,4.6868817197153065
TICK047,Company 47,Healthcare,IN,2655.3916472321516,,85.72492365729731,28.349963625614826,82.83207400533512,,54.48619834703157,61.4191218457347,67.41497854435696,4.215904068172975,34.11596949200403,55.47813973086815,0.2649226550765014,6.559699420391617,0.5777097862495095,82.6612705681979,62.51729603895599,58.614119806896426,22.97512875649444,81.66094671541957,70.60971702951184,190.45054974266318,381.08777947620797,326.3944287651309,8.00081850356965,14.81369913792283,-0.894296671748787,9.384317823238662,15.447057562960635,6.414623075835433,26.677169607356266,15.129703640410328,2.481861794133405,6.776690173030861,1.5207637388344704,1550.1660431638877,21.665122193555575,7.820250134488016,10.081915882260086,12103.9885637243,0.12109879811721291,84.45505739989383,0.16905147029056858,1.0432930058305236,-6.700624478273928,13.223304409843374,5.226555827908368,2.8538104181904504,6.132169003487309
TICK048,Company 48,Pharma,IN,4972.748390021701,408.4133087202789,52.419089377626605,24.521114716354663,65.80929764029246,,35.50380914731265,,36.19444444883847,11.248618446087267,35.27094991952795,47.464727238056625,0.13756827230918525,7.560984250835264,,64.19972721449712,45.90104345966403,80.78524933444616,42.78421506585343,87.11022903911883,93.82979517887907,566.7924331471345,580.7954121994011,1049.4818836828501,4.806624452427744,10.265670431864395,5.927723922099773,13.012901339891705,21.153792683235494,-1.18019061638965,-6.142516049703232,0.7898211609264187,7.374195705690472,17.987561574260365,3.5284088967095415,1793.661392838091,17.351123693860337,21.83804147281016,11.95119144260216,1176.0845761653518,0.1276160842970389,90.34506507844216,0.20708202611764956,0.4498882697111697,-2.428393722875235,16.622220681587557,1.9978232709257648,1.7315050414761228,7.183739822509423
TICK049,Company 49,IT,FR,4514.438970004343,124.23682445401167,172.98112033163736,37.66246308475482,36.2479258802641,10.149971856030186,61.55202612671993,105.25235733865141,78.59485590167185,7.925497524144859,33.74194388348188,55.410610723473575,0.557956304908971,4.700612467701952,,55.50053024322581,53.01713159683277,45.04123463861504,29.984040980580776,73.74405475429468,92.18956906739221,1464.7471425353508,2336.5456580182904,2878.2573781772276,9.005073030828935,9.239845236412364,6.796078750427112,7.771748484850027,30.85207146295572,8.923767916399242,-2.041266841994041,0.55678751744727,3.1609388111896286,12.784481694148988,2.1524448709640454,8640.538055942254,14.745231990674503,36.603473248030284,47.80714181970223,1069.1378389997049,0.13036861308166356,85.07152147762325,0.2113861995452905,0.7499205151100781,-7.439308517453115,-0.2642021097564845,-28.752987459964995,1.106176011030457,9.655021799840851
TICK050,Company 50,Pharma,IN,10309.023653591066,702.4148396175767,9.324566132596475,20.449144508911424,70.05194947170179,24.819113204569522,78.6096522879334,125.68858991978064,50.9330122520548,2.7997605262157776,39.73402591034155,79.4007729147372,0.8745358995806877,13.281584114088139,6.968406749536393,60.39314841225093,65.58908827946873,60.50593233409863,9.946502272093745,90.64628152845773,76.05727539915507,1458.4754488290946,634.769244086678,755.6309177334572,3.063294382593384,16.365631409782598,5.474251890067267,20.269093450432976,18.5885949302848,-7.646221273358043,6.02377241094581,0.8192672288751665,4.768767293052851,22.68281208326201,2.4344618360198673,1284.461541768258,31.47696008309942,7.832591863290753,19.70494545313012,1837.7935222978142,5.282832768833213e-06,79.95958549537599,0.07756434592880015,0.7960334380791441,-5.6259305086558085,-4.029202083004771,-8.147764157557585,2.779256591733586,2.0979868495091827
TICK051,Company 51,Industrials,DE,3039.6657503632537,512.2801455542871,48.053772135732146,24.00172428882718,60.54353008401214,13.714676699463524,57.51016759879325,35.59639301613311,91.32004369021354,1.233628716170662,48.6853797221133,44.047003141437465,0.5590384468442902,10.30581616259182,0.9491134416342683,86.12918947240826,88.04916070768692,69.70717830405272,36.378106753451085,65.01547404589947,79.23665855439815,20549.834658984124,7754.99189740841,850.1090345434136,4.875844591775504,12.198582939561495,12.973623188748647,5.937271149390071,15.295968994769062,9.434265668574932,26.99694150040351,5.577204441342857,3.704759328501658,5.7990366269853135,2.857500609510535,2489.2574129723994,13.290953467516658,14.440095760272552,35.70328949281742,4132.691094101315,0.3077393707336985,86.34966063129613,0.09744008345855415,0.7612088878448505,1.9440945513185666,-1.3789996596292957,-5.766892958429694,2.0579308696909324,7.1220981095726765
TICK052,Company 52,Healthcare,AU,26378.409056053817,196.31877623265888,24.127252379271166,85.39761596481014,64.90613894324588,4.560084471573676,72.51253716320706,,56.69384037839943,1.160933948822231,87.00870391102107,12.76760851636481,0.8696322232632999,19.503788294843645,0.12808904875619673,95.59144077084801,58.30902659288244,78.27432084122233,12.060431454702291,74.62210377953714,78.4051564295747,26138.176828946114,17882.538227752702,2888.4839193460166,2.439304951580482,14.847598429503634,12.91212083843254,20.52648714729156,19.334681911325877,16.71524386087934,19.27887983998911,6.684700287650048,2.3756411691104367,21.690618407473792,1.842134975036948,901.921381815339,50.561881395912856,8.49312304712926,18.50935711334671,2782.9742448111306,0.16831316391551882,51.885600756728145,0.2225238744731661,1.0575668635064943,-5.869366631530144,5.717853820141598,-22.4987047685704,6.296507266541644,5.770564227613775
TICK053,Company 53,Energy,CA,10021.145230583645,438.67661520029816,538.2995673786218,58.376981016579556,39.01622316801118,2.076223518801364,48.824730500050975,88.53743776124601,49.26177720209473,7.488430454396491,39.09766852358445,65.1892712999317,0.25291254217093473,4.76281300634462,0.8289267445893215,92.22183479409097,75.69862457699318,70.13213605817286,23.88728944706828,77.74272045522025,79.71935802768118,24168.97414142493,29978.033183685686,1408.93228789806,5.011723302831039,7.080103448369909,6.660788050221992,10.174439735447043,12.808314850776691,-4.51199136633678,8.10594988191688,1.8038602689730752,4.119986095240768,6.330356912461211,2.884277730998162,1476.2010691369599,52.80890722128197,9.96750116208652,7.4044986497150855,5754.1712734495495,0.23432164451594312,48.5886732384328,0.09246915168885182,0.9518321171494608,5.563171526016509,10.222853240244111,-13.888989482585202,1.2511882507783691,6.272630394728356
TICK054,Company 54,Materials,CH,176354.90510595296,254.07352249263425,8.950431242493911,23.900803430142084,84.1380830226827,6.636505317364174,69.10082485085248,31.610603101279505,58.90434050835598,3.858229660143111,18.33400606838901,40.890261622135796,0.08498920631877976,,1.410162839568141,88.3677065020728,59.83705745203387,46.99911298186491,15.75755520828115,81.48561011794904,76.8948467580556,5478.95683794484,3302.0036255119717,7305.4579205399095,0.6824638221636972,5.1270892108073856,0.824315547232148,3.122445552156287,29.327806233148394,-7.325182768296637,13.699504763665852,4.695337162594022,6.0469358092631476,23.981149064157318,0.9878117294649114,5809.540981093128,22.83684862959069,6.017734197525047,13.223386298797154,597.4154456084301,0.001576694284999504,71.23718607857508,0.11650186141042262,0.8334141692196891,-0.35560145415168,4.563898646908588,-23.770037651071608,0.5750172483192518,5.579990999397118
TICK055,Company 55,Utilities,IN,7619.766625580948,462.3031359336092,8.673549938686472,63.18391459467551,94.39164797600871,6.505323863117638,63.744389512069525,32.59904293328435,54.895235137846875,13.701576257134496,43.8506926393072,48.13099985301979,0.6696117845359463,8.295580982406113,0.35329061038668846,76.97980825123292,67.68619208736854,71.08128721138084,16.85937696770897,43.337296788751765,74.06091251507806,1655.8233232355662,76.44907477403702,309.57635984807155,3.6874532203272516,12.728492268686606,5.733179567779789,16.840396752443006,16.080426226175888,23.794378916948595,2.7953716855467308,8.266442622425352,2.4500790852470327,7.260978519439291,1.7932025225576689,131.10613445734535,19.970225832699974,8.306564910643347,14.373073386078824,1223.0907741790213,0.27159633645446357,77.40577375161601,0.297583001803864,1.1283887879657906,0.4279735197226272,0.8137856677741583,-0.4598860283684699,3.760083247350426,4.1376436352196615
TICK056,Company 56,Finance,JP,824.0767471979574,892.9734144897864,11.029873390561608,31.49375365621549,97.72864016779285,3.402941864428022,31.0043672935683,,57.74774751231221,5.541379379337346,45.860059342110965,11.7925464315779,0.22351439594779685,10.208745642626065,2.1464869396002726,97.08656696263361,47.67073165425103,43.34932554540357,37.07690911536355,96.83325527965869,84.0905024420279,2330.48107939654,7899.117038012664,6823.231131596753,0.8816832396232966,10.649537610568137,5.600714424331754,10.629506941974794,13.362400078646923,1.8824036049541508,11.67584427478421,11.35748651743388,6.716427528313312,13.010869181845472,1.6867121451538074,1658.4127638419818,33.6270197865937,10.201014975726501,6.312874383755565,2593.603533089262,0.16596188188499153,79.6191820684333,0.13213916582765564,1.516922415293875,-1.3918648380394703,11.98409416243542,9.825191650185793,1.447492791663188,7.160501967805725
TICK057,Company 57,Technology,US,598.0421598628002,2705.9820610212837,0.7204577330401717,47.95420600010804,74.27429537052595,,42.18574183836018,,47.7571829639393,4.0470282449538875,82.79818922153837,47.593423767325746,0.5562605221006178,6.633722974596812,12.19310709721432,52.26726716700897,44.23094215461681,59.95036154581336,8.73943047191078,77.582977983006,89.0478602721367,170219.39838697203,11524.667717114113,10995.622426981477,7.250117426823262,15.347658453149066,5.371460150887768,14.25562049190119,9.985865969879782,19.35947845943822,10.88004093733764,2.2320752878284535,2.930401778104796,24.04891524671569,1.5279824365723915,9279.720716079912,34.72289442572284,5.222228166683052,9.30850814638519,29070.080164633393,0.18153504180688343,85.5655678549127,0.09410095638775237,1.4917769550225257,3.8642391927186157,-2.5026917844121774,13.281294223491944,5.679303129048934,7.502130889761884
TICK058,Company 58,Energy,DE,30734.667632209163,91.3429771525937,35.6182186572058,39.521347684074335,64.153768887897,32.37223790370321,52.53513859097828,44.72225831969763,68.96473999844326,2.4575182928689214,49.182276941063094,41.700006301590456,0.15779662321674778,4.775599208606992,1.202009392424185,82.39513110770827,62.69219523862242,63.628608687844526,95.21676787434215,72.6714595291718,81.8489003940259,13968.511413790293,10930.378666041752,6835.892305890338,7.294613535719472,11.785859997731114,5.209124384407021,16.119279592712967,21.58332114963863,6.460023348021683,21.62523874817624,0.43120253772785405,3.5201656105803196,6.3297319996702335,2.0865532638646056,1453.942656993266,13.423462845970063,7.053355210989042,10.548283069239936,2600.4114302736107,0.00979297310288455,76.07979556688123,0.0872647499402218,0.4231684683812992,3.9157994388850534,8.247354706935257,4.977413544950894,2.2265325163803467,7.3376004823563745
TICK059,Company 59,Healthcare,CH,2131.97875840456,5216.803044048173,9.401482019017696,59.14591020637281,89.03256863496124,8.827096814436073,54.38821680921803,,68.00558361717489,8.75861918334153,38.98687545466632,43.233133840551815,0.04235953125196913,,,87.87089672534245,60.874880487255126,42.43291264197575,4.67921866732065,47.461018626855136,94.80740794063614,10579.472240678064,5475.24390739963,4137.066005083049,-0.03445503150400858,13.225483140907903,5.386148417100771,11.689777770725126,20.203124476966433,6.3804518305867255,21.606137469267395,1.4095871527843828,5.843567955122491,8.799643330478586,2.4985860464546397,5713.419375348241,15.436308564961948,7.13449826783646,37.48473872448385,10962.840716654126,0.1342384769185546,51.04582712058928,0.1598306702315953,1.173121655150542,1.675271759560857,-2.304502386810229,-11.560756094382828,1.8382923123490804,4.799348061870832
TICK060,Company 60,Utilities,CA,8699.325223679867,38.764103100774825,23.345255817156083,49.73664578172623,71.19338209814713,,63.89341841756336,26.159072863341102,39.894297318211606,4.485461538471216,35.086906256690135,33.656690358042255,2.4519091152837706,10.596965444088074,1.0239998487558426,53.438769037579135,44.90015519527448,86.820337477911,12.451808250846597,80.38168079046794,73.83895182127259,238806.88522038845,9411.640183759966,899.7755018201444,8.967169082692008,3.8389425134173543,6.453833536408961,7.038795775935927,12.015873771515441,12.384126994966453,15.927728586467737,1.9320017547619521,3.2164617545027627,20.719820208652347,2.7477928778272602,584.5181604390222,10.369059073213721,12.131944199867588,2.8390844749507895,3122.115832925012,0.3216795231856,86.31684551912826,0.06948989002641497,0.9465930129808484,2.8239455295382405,3.448183664087145,-23.184781902239514,1.6839618266363612,5.353381874487346
TICK061,Company 61,Energy,CH,30311.860461938544,336.25099363408896,84.80616701993573,31.172841998307504,81.6682755620696,3.4911024023417263,33.52775431828749,66.93165906671422,74.60710562133482,5.889247678897476,57.73087936692674,49.571676570224376,0.08492078318230081,,0.24466564188946968,76.00555560499691,52.2594969633638,35.5373924092801,27.008982934610295,38.3151592332438,91.28742717306383,3417.3825462276345,49937.8129849645,2971.0082942625336,12.556156524650136,21.523990964171222,5.457835604737774,14.878566888346251,18.458708070734538,-0.8399885674644061,5.651829309446773,2.209682771098946,4.566684410493438,6.643224538342905,2.3923186142614115,1062.0459898803015,24.64397550423855,3.8976768533616815,28.33429460554529,1668.3821027556448,0.11349049978365151,68.7380301957724,0.11959216113678055,1.0465466028596069,-1.0604483496021282,-0.9085005183236119,-21.082424392818023,2.6139472248171227,1.7092095046276061
TICK062,Company 62,Healthcare,IN,2672.465225964887,817.2790963972382,131.12759269461904,24.959783047353,67.96131143617583,,32.76923268807581,66.12328564480956,56.14805235714621,5.953533270495774,47.96070719610238,22.383836867557466,2.229280822509389,,4.29584511282517,72.7208580581225,89.11824735711113,73.67819329205803,32.054940881307395,63.88759912612541,79.21738632732124,407.0899775041906,1281.1276040291561,157.2294847746072,5.095843325574621,11.124805006507806,8.833290034502369,10.003777537272978,5.948664190722862,9.324971434956456,18.90186753268152,2.3389742514730334,3.8291949512639847,2.5684078003898527,1.8226508648318507,1134.0206595145971,28.031081321602205,7.164044349860342,6.323313353209991,2217.045407831588,0.08452765154727598,69.90494879637602,0.15987152860436837,0.8805150899372354,2.711015034545243,-0.4468174612224869,-15.22779092705398,1.3314254846616738,3.9737981676968115
TICK063,Company 63,Consumer,FR,836.9877400552167,565.2059857662822,51.95738369196536,19.950441284987726,58.39922017201816,6.957948440174155,54.62720881716467,,46.56735904811211,5.550664112498983,56.57592787787679,42.827144958035,1.8922533585537518,13.2646069241931,1.0716909028020185,73.23804476103972,84.56924485521967,79.1115226444814,18.534232424825724,65.39360777609696,78.64450016129663,4254.231921371636,5176.880273394153,1972.6305823130149,3.093667191334408,15.509707615866672,9.441474863619444,13.429289093042094,16.109823450438938,4.185105851759072,8.896378405563441,6.653318004931447,4.781163865405796,41.034190903903564,2.4860744276260616,119.39160882498834,10.22706033176156,23.270891353883478,4.662466355247872,2435.4731909398565,0.2911936820841633,47.149956019420685,0.25913008369368656,1.0352765889661606,-1.6893888773690338,-3.0190921396976793,-10.666316376428096,3.5364735033162797,2.4703783837726503
TICK064,Company 64,Consumer,US,307.2707138110223,191.09306796731798,11.280734332361098,52.62139440767538,72.58867314020924,4.64982412286729,73.30220653137678,91.95462883770779,63.397481951213805,7.826649745324431,31.102569700362753,16.625828024517173,0.7894982545309381,7.902255686263931,0.9796761929882843,57.99840141460956,20.20151890839228,58.508286512861964,19.184207942519222,66.08984186042899,89.15504234911506,19894.38733474673,4446.011225989284,1901.805579878651,13.508467759078783,7.864950911071013,4.357419651270041,-0.7686528689573073,17.716538112460167,-5.204934434050315,-2.9829724245575946,7.534878757336999,1.3629213497053136,5.074299209171839,2.310088206542813,340.97943656944904,15.996989488894044,14.856479373731254,27.82568433271759,6151.030370911315,0.058507715805530186,60.77794988776265,0.18895885995448802,1.0454222188216056,0.011158110812010003,10.758832249445556,-1.9169819758990396,2.3300043534969666,9.574852379283193
TICK065,Company 65,Pharma,US,1525.7289455197945,,8.179126243011597,16.822197034794627,83.27717226495648,7.775289677451561,64.50130719174975,54.91631925548343,64.04533033567076,2.5567499978752206,47.06670963553473,16.92257068355662,0.5385569647955132,7.689063012674083,,94.11907350795043,26.20443734794509,62.99514701565304,27.89479377203989,86.33091462011856,89.20871177848177,42085.032944602055,6608.930839267106,919.7384261930614,1.2566018222962723,13.813338877107574,13.084261304028134,12.23490858504926,25.243978857355337,11.37482074726399,5.1605464970687365,2.3694576205319358,1.7952765777736956,8.389700652413367,2.9470858963563917,366.17996515122053,10.240731383281119,16.601738674961624,20.334697195902226,15514.549205957715,0.0914526205343353,62.89271286599264,0.094700825768567,0.8263144727953231,-1.3732187468314871,-5.863408304868281,-12.16997061752362,0.7148217028524249,4.516546592558299
TICK066,Company 66,Energy,FR,53854.223154468156,223.27381281413457,98.54678994133516,40.513593730545495,72.35608329503911,10.778668764239937,43.29598426520961,71.16890851173818,27.689221395805685,5.530438013889362,65.51645964364768,63.24079875723435,0.4311464212746629,9.74767588239012,1.1669124250727005,73.6672519280715,30.458843078677923,66.69162074037246,16.695586750045877,78.01894431180948,94.19822354808485,66803.663589614,57762.08983099769,284.63102519228977,5.127983190589718,5.572385833553773,4.079750792637544,6.807070874274849,10.375087183627864,5.366921931220839,11.014323805411895,6.545566176671135,6.09813814844579,18.630598981779016,2.8097092574121656,2495.055064875671,12.814791566515211,7.498170849823132,29.31686922065423,4589.916068803063,0.06469094014210883,54.31108722179222,0.2439504028842824,0.7310897356524457,-2.2860926965959796,-5.921858020389667,4.067710724019138,2.631727352028946,7.123971817306831
TICK067,Company 67,Consumer,AU,4109.845091697021,198.89206520329344,5.36430483169278,40.34691465473345,80.77545578442522,8.25956833858342,26.072515357196746,52.19429392704171,88.24810586283868,4.710472163182247,22.794269594749686,23.579178051405535,1.0053367838174587,4.802556906174397,2.089575174198686,64.46727297102349,70.2689847793522,80.34483136394083,61.22435123331829,66.41544627598512,86.26080022650588,1043397.7114840996,6503.131756663014,1337.0598520172582,5.617805743397027,14.361381015939964,1.5287975447386515,18.266548185892653,7.329884227186054,6.429751715552922,20.922589403976943,3.618751559557474,7.527708676113087,4.541261682207011,2.2459821844840766,2623.2075552298475,26.4566760767352,8.958461800623542,21.338039315570814,12388.119834621792,0.27007700859698563,55.07906642211411,0.11651240641965865,0.8653912952141547,-3.4455589886089513,16.967948526760875,-2.787282033593674,1.4881795278818943,6.113955640532472
TICK068,Company 68,Healthcare,UK,460.0760638145991,,125.39374741788939,36.935719935628555,83.09127513645159,19.393204409548982,46.559599009664375,172.21324112820102,50.53626603762596,8.001897358940276,31.412812899331588,20.004982428210813,0.17085060709710603,7.500845440446044,0.1268303902214782,69.08410520871811,51.288360229831376,86.90999663291127,39.31001383521641,53.47515321156852,88.7425974446206,754.3461282427602,7912.877594480362,3759.5529848524434,8.947374006006893,10.107401443222388,9.523112285460208,13.115436739445476,9.62743223444975,-4.101609434141578,7.7976619341141635,2.8622406961806846,2.842706661786595,3.2992846406819547,1.7003329726568681,1516.312140910529,13.91905781151175,13.481814456471998,51.51595168758414,936.5962705551423,0.00791349071784204,87.13369916470627,0.07295944712517619,1.0702777793370297,2.3384505192944274,7.822780517234651,0.1265485408923072,5.93287050280237,5.886159287300165
TICK069,Company 69,Pharma,DE,3865.210368998949,619.193969567834,65.32926647029555,47.39720890395887,75.25393575453198,10.046027091181541,62.3783227433384,,59.909283678469485,9.080423631109943,45.32811209616675,51.25202029724413,0.31525637222570446,2.5188645578298887,3.3610446220176224,75.99239750770899,23.546759737447903,43.564103342521996,40.376966280568425,56.336779520041944,88.13819959012274,54890.92886427143,4542.458729785734,591.2196138896574,6.065682370119867,12.1286282889444,4.730367462342641,11.199288729246483,6.9805889981104805,23.914003677628042,-4.510384534875273,5.613841955483511,3.9669035331832716,9.052037200615345,1.8296321820760362,2500.142219043633,17.280643840739454,18.84322283068767,18.013233565632635,1812.465567710541,0.06953890934202901,79.67872246614544,0.12418030714876323,1.1796989025052793,6.553029564067316,-19.08090958954429,13.683006632054457,1.1494986793236803,3.0242654096331405
TICK070,Company 70,Healthcare,US,5313.340803445089,175.6526535602689,12.56385885956697,24.486191462198388,85.11104523018544,5.887588854534572,77.53592839157398,16.626348858888985,59.89974999039508,3.3178202527048017,69.80443793158526,57.938415353618836,0.48298998483812755,11.452726486566922,5.643690807170789,86.75742921034612,42.24398474580785,94.42902399086427,9.272700203986064,86.53234613665742,96.48902870803614,9550.073608502347,30296.27446327224,3037.586861947783,3.7016805856117507,15.742775460061182,9.285165883029553,12.431549966751108,23.019944146553897,16.767141863861163,10.680900199561833,2.8800326721796603,5.193249589829309,1.7603961723933557,1.8871413901345606,930.6195873517961,8.902606829363872,2.291114206444805,10.91857903351532,1249.922663210557,0.1161400155528905,65.73519965285641,0.27778290172362347,1.2560046932020439,5.855509858347797,-4.522069913683229,-14.162780810404442,0.7071101892978015,5.051094357243402
TICK071,Company 71,Pharma,JP,791.724791302656,1187.3982529598666,3.6214173085397467,21.588170864149788,80.50702949664216,10.185384219900227,30.468934278581234,42.29834914128045,72.08929652906733,8.010175811663578,75.72493869344835,13.987884357406651,0.26482626810245047,3.38465976507429,2.092601726612184,86.87419543346155,40.97256307184243,78.35779020066681,18.849554138332824,83.02153060380896,87.602480544614,9139.649142412774,85118.92758993154,29153.262574616252,2.4229505871967754,6.191223177800223,-1.6146744044021215,5.0077957356164085,24.291835770144218,17.641558841719785,11.361472480678628,14.101045473304094,6.338288636307364,5.868946456943276,2.0246970811739113,3647.990217336851,22.054024557712665,3.3559510939225365,15.487735677708569,4347.401151239746,0.1569767965692863,65.63113591164914,0.14699157967484397,0.8517429930799262,-6.282826679727177,-14.495914700496433,5.02445493950842,1.0756447712192267,10.768689602741492
TICK072,Company 72,Energy,US,18770.195993080655,583.3337106349028,233.3372105391323,50.47002016086287,72.22391896054333,11.019976606504319,75.5393971490131,56.41440262192391,74.45408948953305,2.6867450938586397,33.683475625091816,34.38300902817426,0.2788594414279805,15.669402323854154,6.182985979456845,89.32434856679993,65.7976626863094,73.83197377671475,15.793954512524966,68.27530337256879,83.36002024361873,8693.594834877671,13915.180692425209,10174.784861991939,3.96804540511845,8.569235255232792,13.56982376593227,18.116283452640268,16.921299467692975,4.94555297558318,12.230051546833037,0.8600808062131521,1.626062363237246,8.989263596051897,2.41190074682389,1106.3133305430651,19.645795384537458,16.210618019554758,29.090986672009567,1937.6863510407345,0.08747137762746733,84.98886969991511,0.13618526633116385,1.0851533701908211,6.446015257034366,-7.605525547322041,-0.1676787417128797,1.4241647973708353,9.314650173668321
TICK073,Company 73,Utilities,CH,3252.935432480241,,17.91180790290711,30.637487512786183,93.0781543295377,2.6192794597556994,58.413020528266344,41.80789879162641,67.85820027060832,5.406030852756018,66.25938555808204,8.58270631437052,0.20045126687582965,6.264757954325464,,97.20252654258724,52.23765093188386,56.913805852780364,8.984661983586216,97.44964613426423,70.78577335248877,5635.524458719919,8949.272155395825,21423.630289515175,2.177659114298014,14.540626137764638,10.689173632161609,19.956852092084524,22.32776967411089,-9.291828895034204,21.038458191453163,1.800137913766801,2.877666942708396,5.95385246138819,2.758128353873056,1161.9606205046025,13.950570102337846,6.258035929108648,7.059945079151759,7156.150848727634,0.23959922699933445,62.8699595177716,0.3068506359468108,1.2887507775859897,-1.5907925080896443,-25.108117329872318,-4.001835371636343,1.6325269612888496,11.945695242044303
TICK074,Company 74,Materials,US,536.7565035681854,858.8159259956927,69.2564521087983,52.38299703969657,44.375580754412624,18.532682269187166,78.12598505989227,327.97014776507905,25.220750527968356,5.765450815474286,75.60708639550553,32.65671311148924,0.41532243333679714,6.647005875784201,1.297939810195856,84.46584311395524,21.51574832386385,65.17393055408995,26.792750499032227,81.19719417418217,75.05889195363115,275622.4440645831,8468.760185769526,4766.432746997606,5.2212394330858025,22.590644619110382,1.9980938033479934,11.964567552741082,15.803750283481412,27.529173824895107,22.227078881078782,2.4566162192980725,3.7950982888410425,2.1495085732918353,2.1916712750882845,840.8450236700461,18.274247917407262,4.938035235334166,7.718947281419413,975.3515265216051,0.284716481178853,79.22696414350743,0.06616011940167224,1.3496784685432384,3.003665075727958,-1.095916621551539,10.623075850391523,2.5479716231438254,12.485225687776097
TICK075,Company 75,IT,US,5098.394883872064,149.18781072722268,4.077860000802807,41.0342867936885,60.20134558091872,5.808235269353725,64.62154206898198,68.30310850707312,38.42586683992627,8.869487578905687,62.181529116044466,24.623149191014313,0.9504787628013318,5.398564295182761,1.841635596915969,94.61030360883849,51.08576520534296,71.33583309108772,13.064300973309601,73.7536987014672,66.14062312865877,77920.62743029582,463.5118047774533,12100.617793357622,3.574400811756156,11.651334696404739,2.0848915046148573,17.952017842868194,14.429330113795404,7.389024919941319,2.869469531420001,3.8634561262461076,6.3698129096938025,26.452280264413524,2.2363329228711613,2174.2748326131878,21.980318520559784,3.4816398630274645,9.813195796396215,3138.929722166434,0.0066480911095961395,89.03214870741573,0.07116176899967941,0.9823501437605433,-4.531076660236055,-9.135534553290492,10.548169854684089,0.4020979734196827,6.108288847455034
TICK076,Company 76,Utilities,UK,6913.123146562627,205.98075699148168,11.030067766110571,50.599682984772954,82.07558459463243,5.9283232816353975,65.6459253321957,24.401099016622226,70.65779061576373,7.814743596228925,50.23354309888794,26.03373065471099,0.11252792555119295,,1.7432880295003266,71.34004075629862,64.56734965127919,37.254062843108194,33.93079685825896,66.31307477095646,79.54660085403756,22806.34276806124,19814.73312381143,1250.4294401785407,0.6386822143721421,15.110298950248646,14.689063616390111,7.15425900663733,13.00177428567743,0.5120020397994622,2.6062785034126783,7.495991340223644,15.630361016958936,8.027157844559394,2.3233076731776627,719.6760522897683,13.364018723656246,5.296202101540146,2.792094527452033,6796.9515774477495,0.05147843484224329,93.36351295046924,0.06033015390480454,0.9337204825181162,0.7098995693700266,0.4792420543715071,-11.357889551861138,0.8937078911358409,8.149167246922161
TICK077,Company 77,Industrials,UK,15132.149489917649,989.057358248641,20.191136070635057,33.62784299932791,94.71066931349803,13.478566938880395,76.15447143487575,99.13101306578419,60.35948948531335,2.729550108557188,51.68300429650817,55.90502127759641,1.3623416747176256,15.018243156849481,1.0265297897039154,73.46571449485238,90.4362641457816,66.43161283756352,8.532195803758324,87.98746882291172,51.15482826064787,167129.39783963858,9518.568027526899,1375.8014039794466,8.848621268276412,11.571618046741776,5.050480386008166,6.014432168875096,13.137654051734607,12.168015744831138,-2.4823845314656765,2.665738543417309,3.9988112785683345,23.21785730942609,1.906422417981075,2911.522377644678,9.601014097001421,3.185401784175408,13.418775539224393,250.04394188358114,0.002373856510262382,60.80095684105593,0.163053663772516,1.0573372701509176,1.5686159144845355,-13.000970071060198,-2.1859270062950893,1.8603712684839104,5.125426575455326
TICK078,Company 78,Healthcare,CA,14482.598120451314,839.1960234082504,21.051684775463652,28.559088624489032,67.50272435078399,13.433239288550014,47.950023308294966,71.59137020548593,63.667049827649215,7.685459369955844,38.83918903277673,23.195926762812462,0.58412212568912,2.1299439647207907,0.8252344755406937,75.77812326421635,67.16742388557037,74.95971073772985,79.45831068937888,71.38840943939981,91.41258598588199,2278.349490332134,13548.220114182424,111.38935346958039,3.5614549748292785,21.780952831530485,4.663260605069505,10.204623743644614,5.713190662145813,19.671207880032973,18.385788043365714,0.8712871136902147,2.2177901428124818,6.001269318010619,1.6860395592969704,353.4884668785349,49.540336490802666,25.91071432433284,3.253430269397231,38023.42015752435,0.03996072847670785,66.54849292328979,0.14708370441921262,0.6550877581307784,-7.423023959598264,0.6632948253763195,3.3745401910087844,0.6398203991514256,6.467294619667046
TICK079,Company 79,Industrials,AU,377.4718317651485,393.4358723541431,12.806265310081875,77.06109257883898,74.16574737549139,4.217888540192291,82.86290933958739,74.00945975443469,69.71988662084023,6.241746999438185,37.80199138815918,68.466218011671,0.8665751567050782,13.991957399011332,0.2712363312440897,85.22445926515962,49.69398701782618,64.88231280091506,9.805406067560469,84.80393919855491,72.05429925026826,2992.733021794729,3450.3997300611454,12374.269666548456,1.314317443492899,3.415863323949833,-1.064208376597131,12.174705191839493,16.585528581644034,7.769494439145338,27.385841300052586,5.333518315700346,5.480158580565635,3.654613765292562,1.3143846782150768,365.4332899415704,14.634235011971443,7.2902538625671145,12.643478125870327,2122.2194664031085,0.07697436389809298,83.83714344826558,0.29269276130361965,0.9419171466893476,3.0413358317209465,-3.319330224962618,-3.276080976271014,2.574097046928982,7.148303909471037
TICK080,Company 80,Utilities,JP,730.1590887015225,,37.44412913851278,79.92549620141278,55.58227023395514,14.045770164088381,56.62673140524808,332.91132352582173,70.8731572056498,11.083397719650243,42.168687956521325,22.87690658691446,0.4061801483558453,8.74963285928928,0.9943137713213623,61.56155359429136,73.79445728982525,84.1612352485168,23.937394742722816,80.1490889408409,75.99724832623768,839.7031207663424,5108.452221424259,18927.833236834118,4.4650368052224225,12.43446741046365,6.596887177593784,8.030066593784397,14.757996538715737,20.785751679393744,6.219016865092919,4.972720192980963,8.675456047519086,9.164567925457868,1.806615476925458,2180.755717526579,19.136929470307464,7.13655148899619,22.32490405923555,262.4215298897102,0.24168174081629915,86.61594401817186,0.1528554674220929,1.223375919541939,6.7296750391915765,12.015623721508765,7.020255987453579,0.8908943199115328,9.35058893903501
TICK081,Company 81,Pharma,US,6454.629477705202,1869.073018566149,6.90592383863214,70.52843895695044,84.04918540637351,4.719210311942983,72.26799156413975,77.53932102489522,76.00609640288553,4.179219091208242,41.917706151449266,41.05396892536148,0.7559666651918515,,0.35505210351427835,87.2277263126661,50.79471063277208,25.781404735711345,37.844567719823,86.6227864781627,49.45096985181163,7714.663826336813,4948.155086029902,1534.8490333618777,5.3908627156817355,4.110037294946507,7.089121540656989,12.688840951842419,19.472164344467256,18.829999385168684,7.102833223300083,0.574941531614581,4.7303872041210075,6.217514935957585,2.564961928904791,1003.7073617622405,33.29542058335077,10.515454215182624,8.724947732702244,3603.6866802886198,0.18744086668722915,73.88192488758841,0.11057308435868998,1.1925841388331104,-0.8732397284081396,11.290854893965,3.3743042149233053,1.1200227405734684,10.428581696485226
TICK082,Company 82,IT,US,6442.54499355787,198.3661039834162,17.420026888737528,46.442298694350974,84.30750756712021,,78.57688635224872,40.29947639248825,59.89483920604959,4.827709943299723,40.757816402433846,14.011167497094798,0.008166529251670322,4.31606368770898,,70.08416971979734,60.651202975999105,90.03900219926585,12.723970505204312,56.31058862388868,88.91779702101668,28072.557874618604,27610.394162164284,2197.9006908002757,-0.17744258067223304,-0.4535521297205528,10.861972387077941,11.53194741036707,15.561140978631657,-2.7638118740205826,27.601390682787713,2.7100218377334313,2.8481672789830808,2.8800015536425088,1.8024134431644359,696.5284112511657,117.2757024290099,13.162963645379946,39.408483450560965,3103.0232636487062,0.01363923116356735,43.79922895218095,0.13545679256657384,0.9189197186908333,6.800840654140065,6.282764824082264,21.99073488427215,0.5824078777595052,6.165661621214055
TICK083,Company 83,IT,DE,6454.749719833301,,22.653075620880525,40.50703418341425,82.64236124698057,3.8092975992381115,23.037409103794754,7.727022290406171,59.245071567949424,11.528881720208695,28.669072715834616,32.53244118540191,0.8529205127799828,17.0849253051728,0.46848719780072323,72.55421323058455,67.60940126501913,63.67347763779762,39.72476968797189,66.90311158251878,85.21140093980516,25701.069039824135,5143.495553472936,1206.3631647273771,6.005611054679671,13.50096537381613,2.403686287262098,5.008466123544725,14.023777790585449,1.2620989434052365,16.06669423858009,0.7617678225472745,7.235481944151358,23.946625279778093,2.0722974867387,2670.5980964653545,10.78069220143818,13.03362939680739,4.382631619818787,2701.9438692157523,0.009764631866801541,73.45826088163852,0.14353931764270436,1.0653154603261499,-0.9484674672620376,-2.612910245289701,-18.36334963115745,0.5683832085292582,6.99340001485
TICK084,Company 84,Technology,UK,964241.6688307589,316.51442497290816,10.07912073061424,15.518230263179566,76.56256126239077,8.949359534764737,72.0560285296037,46.274959435210576,58.31030582178723,9.407720235693667,84.7969802785736,24.750653150029876,0.020483324931462432,4.605478439782083,0.12070059262386842,67.39849773928326,62.719992169277525,78.33093432255002,7.513137251537348,62.13188212801616,79.84060474543585,27557.027579002308,98636.07900906265,4718.207605085197,1.9237659927738466,12.780994515258433,1.9188528310375617,12.593965087258606,9.772841819954216,17.575371632797676,15.234828457612661,1.5972431661773547,6.244947952336511,4.491486974658462,2.5598006547563275,597.4906205832978,25.15140115351429,14.071805229519391,28.047022515158833,9793.060832260206,0.08898127353882725,63.742545654823616,0.058666838909202844,0.7526048979127937,4.247922655233086,15.883043162082346,-1.4692318769687698,8.181401729590414,5.93537258736695
TICK085,Company 85,IT,JP,7018.71734571356,310.68593795182187,40.919833742601334,46.57351969386802,87.09991812779259,3.9526486182660387,38.09551524803881,201.536381275966,66.4200063916151,2.642709726871655,46.90482507182399,40.98438727109798,1.1032438677425305,4.150898200593062,1.6075593052587687,66.493223950621,54.113603621574505,80.50326225129083,64.18016196898155,45.96040140972651,80.78311426988503,2652.916164569743,13589.257947453933,11497.892703241787,10.117101955835828,10.555355187466231,9.803850539105907,14.317641212607606,15.432919420930569,-19.12612563810438,-4.290998071684722,1.320159890500474,2.68306441010182,1.695176545699843,2.6018086789466555,897.666614203564,14.100691762529207,5.060638542590919,19.542585173680116,7309.527884047227,0.07595390927448471,87.4927289115275,0.5247495500002224,1.2110476444675073,-11.092849829755497,-12.424282222718565,-10.902030138146293,1.7376077131081658,6.8779254386354065
TICK086,Company 86,Materials,CA,16372.337637648165,1507.9889521560935,6.523153392419656,28.12932375802032,75.1680411894909,43.73534141582166,27.764351981384383,49.84064822149179,75.39266667382671,5.392544391161378,38.97314918531529,50.841144675070524,2.4118339752657154,,,71.80749450523571,27.64777018751606,47.341012614442576,20.314185030003575,87.98593668202906,89.0000206285503,73477.32350976442,1753.1699144002357,368.2174393015989,6.706993605412871,11.641972998355048,12.02692028490826,10.857346587951955,19.42942338489697,6.505443068350113,18.14473683135303,5.193520332113769,5.423345135627682,21.38164498850441,1.6098486113376462,4443.6347151544605,15.342163886797124,6.179762974083363,3.6648108573236935,4261.819365649541,0.03097608806281287,93.9572418278321,0.1755090815047785,0.9766535691590581,12.093888896567318,-11.228469036509301,7.249289465268529,1.0960998878703656,6.203122612300467
TICK087,Company 87,IT,AU,12469.022472190934,,4.331378403144846,18.524859102946742,75.4640728147275,2.7448961579795887,51.0848468844843,5.8121473696178665,67.31874263960286,7.023464857751543,23.900199772956405,30.665323928802827,0.17411780077289923,8.75194917258667,4.110092073748675,79.68026629542754,37.145039479509904,52.64817908173824,12.464328860702816,67.85920165605711,35.85701853383238,31553.54671556564,6944.772158491873,4872.3236449494125,3.9341162780474854,27.662781968276846,1.7153905955284676,15.763240516308462,8.139966053496835,-6.308312016246719,-1.1496360861170984,2.98459523903708,7.3789605649082874,4.936031100584256,3.001516938191628,5110.959045937634,14.011718139703978,11.721432378368428,81.25204656040461,5116.299796342195,0.2297130840049884,69.99283680800792,0.1503189594717588,0.9172145644911586,7.477291226214785,-0.6702647991125172,-19.406062680546533,2.7672583045397103,8.287086510683254
TICK088,Company 88,Utilities,FR,7919.52791989977,1070.8538107166569,72.07280739466063,45.6861732348032,76.05879391879785,11.240127612229857,82.03339156179858,33.169726509455295,86.75471029818367,8.016776149963068,60.279632762169975,10.440761126187114,0.1180628253236455,4.622969334474674,1.7206792628377676,38.09696463363209,59.15392631694157,60.22218647241978,15.810188627653023,74.24071855970983,76.546726732603,66143.46818569252,3707.0431877712126,2138.786463283445,2.6664167566637276,10.583581996391025,12.326056345198964,3.9129810325152405,15.524842522084436,3.234461985664753,-3.6082422312194975,0.9719287296602228,8.092559192493615,4.543696491333049,3.1211609338888113,5283.786238138877,11.440646723173261,5.384726731150339,11.65084022987712,2630.0808356137927,0.26223277845616577,68.43896415437759,0.18407389331987975,0.8914828491719841,-1.4231275212683945,18.032304871368954,4.155752522698639,5.894223807559137,3.8927681127642595
TICK089,Company 89,Technology,AU,1857.7031407085276,1932.5092530710442,8.400919865519406,80.04299549952341,76.7482598637875,,52.94446632456344,147.3319993101781,56.905725466713776,3.2725920355251503,46.69736139423526,30.869296944810475,0.7248585953335793,8.234334013670226,,77.38337459351493,32.53029525791014,50.03104845791617,38.36460982550471,74.30388576677257,90.37479423189949,1288.013945187895,582.1575038063953,3415.479835590059,4.708066064226703,14.580022365504869,8.150167365947286,12.339752110659258,16.398257709176903,5.011799109707958,5.838741078799454,5.4961770589422585,4.335233671956494,1.7998258862745633,1.5857302754582128,827.0575016900292,19.67510870082296,7.366450833331972,6.591369781426072,25099.143953199648,0.05151875202534726,76.95125911090639,0.19295572709024839,0.9811318399300425,-9.86044513321909,-1.6187112549607003,-7.560581176180094,6.449841936188974,4.537763012888514
TICK090,Company 90,Utilities,CH,9306.36478685785,413.72628588176525,9.502106049360957,18.460544255882663,62.07141149191057,5.566207191181406,72.33518034366232,94.2374041627913,89.64222799142588,10.57863385557382,42.10697748651181,44.03197378776086,0.14586267837357858,4.4243512528217686,3.2492237287587145,90.86773315909724,16.701970677801008,49.36247802774056,12.584120816590024,88.77862646780977,57.54663396745984,35144.952504610905,55235.720204479854,5170.852264638883,7.008466123571813,8.970896092422683,12.367221356298582,4.148596468016126,10.691611298290415,4.41755622092492,2.970487318615718,0.8632554243082435,3.7470178248915644,29.74774079004348,1.738197990792196,3754.4718617969365,9.609466020710096,9.386366448632337,4.549598392356974,505.20524778939813,0.22100292220320733,87.04337399824834,0.1261508655362665,0.8656367065204125,1.4401418415274458,-1.4659619456742554,-8.809942393452168,3.66540987783623,9.893315492429618
TICK091,Company 91,Utilities,US,935.201653468527,914.4689968932579,94.7414853479138,38.656004675616465,58.78140019568501,10.620969131773071,58.71400116154808,23.573403436475967,42.91599167746236,2.1039016353617592,36.70992819489579,19.795921141663456,1.0033275014712986,12.812364730345225,1.5542705258093839,66.68272271264293,42.89771785132581,70.54125139249007,11.028842078399075,52.868489035684206,59.477419665829345,3708.3864435639257,18840.631198307292,2378.337690990503,4.844663120820845,13.375229123620866,7.719118553929533,4.429593208834563,11.472862170551998,2.477387478873914,7.340803667379529,3.539873642773154,8.278294020858686,2.6337680256994935,3.181418622257664,424.5573820487035,32.24631532596586,11.835589473663662,10.4435794265136,3524.8106907733777,0.04844253550311173,71.72939653950434,0.09870491187070321,1.197442910800769,-7.2196277353687845,-11.535282848894473,-17.357978442488246,3.0153391572694916,7.9888056453943985
TICK092,Company 92,Banking,CA,2089.6922595647875,278.0163408746665,22.54863730733636,31.533583724526505,47.30391914128233,19.681272519962718,42.71506999106635,31.0225768097663,52.56412946537754,3.1508461447914016,59.703935051318865,46.31465128165579,0.054261974886991284,12.562114294675743,0.16519923092348773,90.77054609975063,75.42920465349837,71.58101654579222,16.823399116883422,61.67829627028314,87.41878369550125,12137.01461376507,15365.020080755801,2632.5171952958935,4.485919070754149,10.984697854692755,-2.0891116699518015,6.84534583131105,16.383665092597287,-2.97143649628814,-7.291779614299024,1.417353591076421,2.447139394998173,7.742770618261082,2.1296208168665665,442.79066784190354,20.645584440942727,2.543119361399831,11.143041131809621,3222.8764828614435,0.13349050322966546,92.3463412261749,0.1826333556633149,0.8814149355951458,2.22426768778744,7.567436682163027,-5.5809113544120725,1.9663560777668825,4.97642943756302
TICK093,Company 93,Finance,CH,1439.3611931226278,595.2607965157151,65.31992919064761,50.46999819630636,55.21543831754854,27.077882475407378,90.2215686496028,36.208407414939906,30.738740084820243,10.126834287814432,53.8603764813318,15.021133869141082,0.06731182095832186,9.64079042360459,1.668732946149207,83.69632149534523,57.61566156922389,34.48824138220789,7.833663729166726,70.6726696777948,65.82905866219754,49096.712087933476,9882.140255766259,2306.184713628627,5.206135684022719,9.98711934515971,7.392130470735845,5.2896990821287755,8.199473890244262,30.919112668186862,21.50579567761207,2.0288280964671648,5.580562877783441,15.33436300447856,1.143468990168439,104.53732110178363,24.809272798470978,11.345797260466318,13.090043066903316,7910.422615029397,0.06461533288851008,60.161559152445264,0.16412210594782822,1.4778892288082144,2.0578285958214098,7.625410034634831,13.014006363491108,1.7577827505956833,12.665267648515373
TICK094,Company 94,Technology,JP,3370.4825704682435,345.09796552237555,6.446553694510805,52.732749346832186,73.72546556213507,2.1607202862797528,66.97670333552907,28.142650250119885,44.33246798332748,5.816954850130749,28.6826228667159,22.484132241633322,1.9352379593401783,,4.772336605846908,91.27227902167373,34.98429888660448,52.597470912198254,86.1797409575946,83.54101046719987,83.884836862423,25251.48915458994,1543.1466925852956,9550.792765712356,3.2417759448042682,21.162784166300995,12.24057527468508,7.2600209062943115,17.099542291496356,26.674620041613508,23.53223553419715,4.069078652134134,2.259145594602956,10.354006501514379,1.4624243153257839,5842.232042719041,15.909329434315847,6.422231001064674,9.890183411835805,1082.875570545132,0.013077309338297718,78.50643865595981,0.09027045587614876,1.4395631510444142,-4.707015845010124,6.3126016111992795,-0.3022642023537536,10.345326679933638,1.5210259759546054
TICK095,Company 95,Utilities,FR,95988.90107943126,453.2279310497846,157.70842628008913,31.178762638290568,76.81645038848897,9.15409188154025,84.92648549346484,7.173015458664589,72.55969932088843,5.964999910582308,68.24268624540169,39.06435640366256,0.5601819212974186,17.824859114133332,1.0093976138574237,62.916083798876066,74.84290449112912,74.76475412235659,12.767263133007427,86.0787549649339,62.45428817641086,6140.6754935801455,4535.358596555445,4927.130023319333,3.9421765149196686,17.849821514096135,4.425015923665143,8.929248446444056,9.6278737580448,-3.6206582025628293,-13.36810968968977,4.125385703307782,7.6345815940659945,7.044706969711056,2.0651216032431425,462.21037793176686,16.716529710156934,11.296293087194586,18.97756927126137,367.8197017177137,0.2630175705584561,91.60927814775816,0.27513808107933313,0.7325369530436485,5.604835118071888,-5.033765382778899,7.532165014493694,0.6145026006338224,6.417693322158381
TICK096,Company 96,Finance,UK,181.10957070387275,824.0147502386342,116.20325341609514,31.757205733848103,45.07625604915255,23.750293367183332,39.60007237061418,117.16592594570534,61.72310161193869,6.518313958381594,60.15312652605091,34.070915900363765,0.9382902669376879,,0.7028796334648795,77.3559281336458,29.95759198261514,66.46126507408937,39.067598045444804,67.6750631670362,82.55254709787886,22234.70719659116,22250.882055241207,3884.30846350142,-1.2537149976304596,12.68842100542438,6.448140124370191,14.185772431656922,21.3771221581993,23.82116751303567,21.741493667998604,7.921457834061259,3.9391983659666923,1.893955147971187,1.5700181894257794,966.2933086349983,23.191410025388496,11.77712411319839,9.287404405107534,3598.195034182705,0.060531322983568885,75.07964572503167,0.15671538051215433,1.0209112808287841,4.027873514030867,-5.653654146984046,19.9757018635953,3.8027438565783807,6.156733264715658
TICK097,Company 97,Finance,CA,8344.770093959429,,15.658843723296208,56.43095166373243,56.20562873881123,1.9188983570325517,33.32761987875373,191.9164184526362,74.36571009832598,3.604026574419763,49.91972970095369,47.44056748498021,0.19602478314211716,4.092119034738602,0.30973060325925683,49.943388804444226,71.80221656831021,50.18448978060657,23.749846490888345,98.45550540658172,70.68614731726353,2214.312005281639,2295.1097994802562,648.6270736583202,7.952328250797582,0.5188117548279789,7.295465985796087,8.394204806471487,29.0269664723298,4.005345095271471,0.273656442140485,2.545168968821474,8.451057807246709,3.86599903581985,1.9659446521464319,441.27826289003934,11.223105942959835,19.389836492903747,3.144091942482996,4177.534799525266,0.13260916271464315,73.44294858660928,0.19493476421718453,0.8048030135991415,4.879116686442817,-10.344978003239763,3.1650670178709093,1.5087829699896946,10.563784484574386
TICK098,Company 98,Technology,CA,265.3172270379437,4968.457609689745,15.920349705938788,27.038873356538762,61.73999661230365,,68.72202191922578,11.95980035951903,61.802513942151194,2.2849977625344673,45.84963917394891,6.934768821490529,0.5642529664908359,9.251049054732176,0.32844198244993356,67.31088149287822,58.02604014663193,65.20970823743042,9.137371477749669,65.25475671346437,82.59076770426333,123673.59725537634,388.33828196151126,1892.595238357028,5.844487673585306,10.128514629490777,-3.5980555194739274,2.0718714661520368,9.835459189789082,9.291874733317105,20.283706443793434,3.4734929113574653,5.7299475561348885,8.58692133265224,2.2472761078789927,2197.6969460737528,16.793716234716143,16.64437278736627,10.973101424309228,17810.069727238806,0.04575594829033183,53.230668037787545,0.27143310614837546,0.9020057310434165,0.04428851834447689,0.6709800140874691,-6.705594864748088,6.23070675209177,4.881917535525584
TICK099,Company 99,Banking,US,1468.6548624844654,120.63616828601934,38.297167949875885,19.17600724641961,62.14574383103426,7.376748523549191,63.63289359228549,189.39843780386596,38.563610110124976,6.839285826419479,66.44195674195191,35.49566888408445,0.4509989653028421,20.968546406935875,1.1339860611906358,88.87135617441272,27.304046478511456,47.68493344122436,19.990081641675697,59.8135511687103,63.31549691622753,16188.784566544473,6170.115218196293,8763.958736482775,2.7792409390923396,25.642636665151983,14.685390301749905,15.700339232475802,18.205247174248047,7.367260401030841,9.178642088003013,1.9151771829314346,2.4312119672433425,3.9363769483819873,3.451042575575929,753.2267710864987,13.068349564814524,16.575786692935885,2.3227820869210545,649.08621090654,0.0019061398222096192,88.68057895289543,0.13682458303117825,1.600728240293439,-7.0776203345685325,-8.643258634228014,5.607026582193478,0.5842731275126305,5.992798031311385
TICK100,Company 100,Industrials,IN,15266.648560668478,93.96981979012129,78.93553901332871,46.18622513933685,53.3243322827377,10.294743771181533,56.07842678173598,49.25332108796667,57.69573335737649,7.380150339028791,50.12708125994474,32.458490477817556,0.46209860306817896,4.448737078912707,1.8110964008861667,49.912178676213486,56.70094056112468,44.48051781488041,37.607452045156265,95.05665779299109,87.5537625709801,11792.745383611467,683.5541257800602,311.89007273683586,10.606227412929233,10.731520426946759,4.3944972804113025,5.814549331924802,10.639548570707884,1.4025135874603416,10.345306768971984,3.144301937631872,9.136833361115858,8.69447327453074,2.0398246027827716,297.43125110772695,12.867639512246503,17.570163213772023,15.605750086415334,11915.942877536547,0.010594997679128236,84.95242378258567,0.15857557324240376,0.9077285748652603,4.889361361055688,-9.41933204199431,-6.531553755771503,1.437145031162447,6.118115121284752
